osmid,x,y,name
26808561,-3.7121995,40.4256418,Mür Café
43274445,-3.699712,40.4874732,Cadillac Solitario
47216276,-3.7129344,40.4130638,Bar Barocco
167301896,-3.6938073,40.4094884,
167301964,-3.6979403,40.4116383,
167302111,-3.6961583,40.4124453,Fever
167302439,-3.695685,40.4128038,La Hidria
167302513,-3.6956873,40.4129838,La Esquina
167302640,-3.6957012,40.413178,El Diario
167302641,-3.6956999,40.4136254,La Fábrica
167302645,-3.6957073,40.4135119,Los Gatos
167302652,-3.695701,40.4133633,La Anchoíta
167302693,-3.6957942,40.4141167,Taberna de la Daniela
178820898,-3.7111249,40.4154807,La Amarilla
178821046,-3.7085285,40.416073,Velicia
184049106,-3.7086559,40.4188918,Discoteca Olimpia
184049359,-3.7039069,40.4191018,
266390246,-3.6982486,40.4231951,El Buo
324407545,-3.6426533,40.4395443,QOF
324407693,-3.6440189,40.4410967,Otero
324407777,-3.6394243,40.43777,
324407779,-3.6394847,40.4378423,Bus
324407780,-3.6395911,40.4379561,La Marina
324407782,-3.6401759,40.4379692,Altagracia
353133732,-3.7034424,40.5044943,Maza
414805345,-3.7948595,40.4677937,Ito Ita
530601815,-3.5889171,40.3642449,Cervecería Sureste
546323709,-3.690538,40.4035341,El Rosario
588396120,-3.5861034,40.4696893,Egunon
588396124,-3.5872112,40.4697057,
622204625,-3.7011949,40.4143568,Bar Hawaiano Mauna Loa
623071234,-3.714055,40.4251204,Cervecería Rodríguez
624783051,-3.7502913,40.4043735,Casarrubios
674492243,-3.7067156,40.426473,Tempo II
747743951,-3.6402638,40.4762852,cuesta
750497101,-3.7037765,40.4266041,Malabar
810259232,-3.6670337,40.4462747,L'Escampier
811416346,-3.6135606,40.4069709,La Perla
831245136,-3.6909403,40.4038625,El Rincón de Víctor
831245146,-3.6909081,40.4037318,Bodegas Rosell
832787565,-3.697439,40.4007679,"Taberna ""El Vagón"""
860341803,-3.7387495,40.4024256,La Cañola Parrilla Tapas & Pintxos
860341837,-3.7386053,40.4024487,Marem
967654538,-3.7588184,40.3686309,Bar Villanueva
977356078,-3.6852496,40.3992814,
977358919,-3.6857194,40.3994543,
981712992,-3.6759909,40.4398176,Antiguo bar La flor
1008451794,-3.6019428,40.3660376,El Gusto es Nuestro
1008451974,-3.595425,40.368165,Señorío de las Suertes
1010972136,-3.6990693,40.411457,Más corazón
1012470349,-3.7041426,40.422331,Circo de las Tapas
1119744698,-3.7037856,40.4264755,La Taberna
1128664828,-3.6937519,40.4291805,Whitby
1178499022,-3.7110878,40.4113626,Juana la Loca
1178501995,-3.7030814,40.4083754,Re Tapas
1191046039,-3.7053261,40.4117813,Mariano
1216191015,-3.615177,40.4530908,Visconti
1224767488,-3.6553321,40.3971391,El Mirador
1252641346,-3.6508642,40.4733208,Bar la Esquina Latina
1272945462,-3.6983686,40.4452379,Pin Up
1299593884,-3.5948038,40.4444547,Torres
1313062261,-3.5758806,40.4437315,
1319826818,-3.6926127,40.4238711,Hasta los Andares
1329861145,-3.709931,40.4114997,La extremeña
1332770270,-3.6956282,40.4260706,Cherokee
1364704731,-3.681434,40.4347019,Bar Escalera del 34
1366075262,-3.6805101,40.4359258,Orgaz
1366075269,-3.6805545,40.4349724,Bar Rubí
1381733962,-3.7463914,40.3943622,Kiosco
1388332887,-3.7037685,40.4241816,Ferrari
1428141699,-3.6995741,40.4157993,La Venencia
1437313174,-3.7443323,40.3858765,
1459085921,-3.6018376,40.3989605,Delphinus
1483924474,-3.6872715,40.4326692,Callejón de Serrano
1514865258,-3.7390949,40.4101824,Bar El Paso
1517405726,-3.7015661,40.4163668,La Fontana de Oro
1517405727,-3.6990671,40.4088976,Il Morto Che Parla
1517405731,-3.7027497,40.4256127,Mader Faker
1517405735,-3.6960498,40.4131491,The Harp
1518261091,-3.7532888,40.4061026,Monty
1535886938,-3.697607,40.4300911,Honky Tonk
1541956963,-3.6899093,40.4482711,Habana 5 Bar
1553139954,-3.7492638,40.4062505,Langa
1553139955,-3.7437234,40.4078039,Las Cosas de Dos
1556708387,-3.7027101,40.4110987,Marimba
1556708422,-3.7077827,40.4096781,Santurce
1557975353,-3.6198377,40.3746067,Alegría
1557975366,-3.6201543,40.3746007,Sport
1557975374,-3.6204707,40.3759226,San Julián
1572572826,-3.6989418,40.4088323,Bar San Lorenzo
1595614343,-3.7577841,40.394147,Bar Serena
1595614344,-3.7592614,40.3858017,Bar de Fénix
1595614362,-3.7632877,40.3859498,
1618390528,-3.7596143,40.3985779,Eiffel
1634750461,-3.7119024,40.4120586,Off de La Latina
1634750481,-3.7100077,40.411533,Taberna La Buha
1645108307,-3.7032669,40.4125509,Cómete el Mundo
1651680301,-3.7461911,40.4074154,
1654251584,-3.6977731,40.4452324,Madrid-Dakar
1669117644,-3.6999115,40.4071316,La Mancha
1673713704,-3.7684256,40.3970697,Chiquitín
1675771405,-3.7123661,40.4108615,Taberna Almería
1706354917,-3.719545,40.412932,O'Breogan
1731420098,-3.6901176,40.4967486,Bar Hermoso
1732744157,-3.6548226,40.4932192,Doberman
1738786261,-3.6999707,40.4223805,Bar Hawaii
1738790883,-3.7018821,40.4426945,Huete
1740065300,-3.6775513,40.4224648,Beef
1751751626,-3.6958188,40.4142594,Cervantes
1763008170,-3.7516088,40.3931717,Bodega Toñín
1830078492,-3.6946791,40.4281641,El Santo
1889602596,-3.6737306,40.4152479,
1890102330,-3.673572,40.4152551,
1897074581,-3.6209503,40.3726098,Los Chicos
1897077041,-3.622616,40.3734664,Bar Canalejas
1922036891,-3.6660966,40.4272704,Bel Canto
1923626616,-3.7003554,40.4279774,Cherokee
1925004172,-3.715503,40.3854418,4 Faroles
1925005348,-3.7152876,40.3855707,La bodega
1925010607,-3.7147683,40.3855586,Bar Justi
1925035254,-3.7143645,40.3854676,Lagartijo
1925036099,-3.7138743,40.3854617,Los Cortitos
1927659378,-3.7229892,40.468705,Los olmos
1927659402,-3.722748,40.4703382,Bar Villamadrid
1930221237,-3.7206816,40.4660446,El Bodegón
1930221241,-3.7205262,40.4660127,El Rincón
1936429703,-3.7270383,40.4122036,La esquina de Eusebio
1947229204,-3.7214633,40.4650762,Bar Marpil
1947229207,-3.7218756,40.4671891,Bar Matins
1947229209,-3.7215079,40.4694307,Bar Maype
1956394142,-3.7041564,40.4207921,El chiringuito
1958218210,-3.7241329,40.467077,Bar El Piropo
1958218215,-3.7190796,40.4660934,Bar El Plane
1958218228,-3.7172837,40.4673212,Bar El Gamo
1991780505,-3.7655914,40.3880427,Chic Pepe's
1992864662,-3.7142092,40.4436664,Trujal
1992865015,-3.7142437,40.4434665,
2004749645,-3.7569378,40.3940213,Bodega
2043171006,-3.7165205,40.4304023,Los Bocadillos
2068640060,-3.7505551,40.4010055,El Pintxito
2072687163,-3.6966342,40.4262987,Bulevar
2077053458,-3.7118215,40.4120853,El Bombón
2082659469,-3.7038973,40.4565626,809
2100652803,-3.7579791,40.3626869,La Peseta
2100659984,-3.757743,40.3613605,Tapas La Tabla
2100659985,-3.7594489,40.3622577,Vía Libre
2100673947,-3.7527112,40.3618919,Mejor Imposible
2100678653,-3.749286,40.3622189,Casa Paola
2121950920,-3.7044312,40.4231149,ADC
2121950925,-3.7054308,40.4238389,Kuboking
2144489288,-3.7674717,40.398528,Bar Navas
2144489293,-3.7673032,40.3981337,Bar Rafael
2144489346,-3.7825395,40.3848161,
2182343814,-3.6083112,40.44896,El Gallo
2202011265,-3.6931601,40.4553481,Cervecería La Sureña
2203440311,-3.7532099,40.3944085,Boricua
2239998402,-3.6940909,40.4219581,
2261299371,-3.7018737,40.4141837,Café Central
2261312784,-3.7004013,40.4154165,La fiebre
2261314940,-3.6978462,40.4106999,Vinícola Mentridana
2262030106,-3.6708826,40.4237544,Taberna Basarri
2297581601,-3.6974199,40.4054177,El 89
2304318302,-3.7080737,40.4283313,María Bonita Taco Bar
2316161828,-3.7712813,40.3978147,Cervecería García
2334279953,-3.7680269,40.3980249,Hierbabuena
2334279954,-3.7716352,40.3975514,La Barra Panda
2340330622,-3.6978655,40.4788287,Felgar
2352895287,-3.7523041,40.3760752,Los Fernándes
2357618842,-3.6943629,40.410931,Marrakech
2357767944,-3.6963795,40.4127704,Donde Chelo
2383206293,-3.6959139,40.4257801,Barbara Ann
2392696780,-3.6806653,40.4560694,Cafetería Santillán
2392696948,-3.6806338,40.4559992,Potos
2393597025,-3.6807957,40.4552826,
2393597208,-3.6792346,40.4551217,Casinillo II
2394515080,-3.6596353,40.3991522,El Paso
2430572373,-3.7306952,40.4107399,
2432426217,-3.5799021,40.4684174,
2432426220,-3.5796312,40.4687133,
2437723822,-3.6995579,40.4154628,Cardamomo
2443440962,-3.70838,40.5034829,
2475150036,-3.7130604,40.4082985,Ribadeza
2475150042,-3.7113507,40.4058987,Salsería II
2477470246,-3.6119759,40.3721055,Sidney
2477470265,-3.5983556,40.3710143,Cervecería La Sureña
2477700587,-3.7063743,40.4225774,Maraca
2514527325,-3.7479069,40.3711246,
2546777610,-3.6986832,40.4111209,Bar el Hórreo
2556205184,-3.7018644,40.4311701,Hermanos Vinagre
2567586792,-3.712126,40.4094021,"Taberna Calatrava, 22"
2568684627,-3.7128193,40.3445363,La Morcilla
2569444821,-3.6963625,40.4182665,Azotea de Círculo de Bellas Artes
2569444823,-3.709051,40.4153727,El yantar de ayer
2583605060,-3.7048542,40.4214532,
2583954354,-3.7036592,40.4243081,Casa Julio
2583954711,-3.7053122,40.4237862,Cafeína
2583979989,-3.7036349,40.4266363,Pepe Botella
2584073568,-3.7014976,40.4062821,Donde da la vuelta el viento
2584983852,-3.7093609,40.4242496,Cervecería History
2584988112,-3.7094153,40.4242267,El Rincón de La Habana
2585141470,-3.7032793,40.4285446,Superchulo
2585147466,-3.7017746,40.4237686,Bodega de la Ardosa
2587660429,-3.7077813,40.4049626,El Ideal
2587660433,-3.7127458,40.407892,Mesón O'agarimo
2597132609,-3.7000665,40.3949243,Lune
2600826381,-3.7073044,40.4409432,Kubo King
2606329602,-3.6745577,40.4322128,Bulevar
2606329604,-3.6746592,40.4325385,Namí
2606329607,-3.6747868,40.4329886,El Duende
2614530657,-3.7046672,40.4288242,La Mejor Flor
2614536500,-3.7047273,40.4288308,Bar Amor
2621566573,-3.6204087,40.4195617,
2621636925,-3.6811941,40.4251923,La Casa del Abuelo
2622369617,-3.6466832,40.4097262,Bar Mariaga
2627117464,-3.7623418,40.3960621,Bar Ibiza
2627203603,-3.6988299,40.4205066,+ K Copas
2629831948,-3.7062421,40.4242727,Picnic
2630111358,-3.7071179,40.4243541,El Pez Gato
2631415858,-3.706574,40.4241697,1862 Dry Bar
2639642119,-3.7650042,40.3819233,Cervecería Bremen
2642152849,-3.6743929,40.4259668,Baretu
2642163107,-3.6761618,40.426074,Casa Picote
2643887902,-3.7075016,40.418605,Strong
2643893669,-3.7074756,40.4179885,La Canela
2643893685,-3.7076269,40.4176751,La Coquette
2643911157,-3.7080127,40.4172132,
2645855662,-3.7066635,40.4249561,Cazador
2645855663,-3.7066589,40.424559,Ferrero
2645867632,-3.7038123,40.4256268,Casa Camacho
2649377343,-3.7017065,40.4103086,Bodegas Lo Máximo
2651748585,-3.7054495,40.4211294,Next Level
2651989201,-3.7017445,40.4348255,Taberna La Mina
2653722452,-3.7073338,40.4247563,El Gato Canalla
2653869273,-3.7065782,40.4271325,La Pasa
2656033535,-3.7077761,40.4164558,La Panoya
2656038561,-3.7075762,40.4165263,Lion
2656069336,-3.7063631,40.4151284,Plaza Mayor
2661123393,-3.7016487,40.423764,Casa Baranda
2661249247,-3.7104401,40.3916381,Bar Juvi
2663023166,-3.7035583,40.4253033,Vacaciones
2664863071,-3.6809517,40.4376823,La que se lia
2665127467,-3.7039415,40.4222647,El Perro de la Parte de Atrás del Coche
2667563698,-3.7095911,40.4271764,El Cangrejero
2668366791,-3.7079366,40.4296555,Cervecería Roldán
2668366795,-3.7114246,40.4303321,Kaligula's
2668403174,-3.7144082,40.4358906,Bar Armando
2668403180,-3.7143842,40.4322526,La Taberna de Nacho
2669198769,-3.7084532,40.4271434,Kramer
2669198770,-3.70847,40.427306,Café Moderno
2669909213,-3.7052903,40.4298678,Bar Iberia
2669935789,-3.7101988,40.4317708,Bar Sánchez
2669978634,-3.7134979,40.433136,Los Chicos
2669997846,-3.7140351,40.4352708,Bukavu
2671114632,-3.7092369,40.4290265,Bar Leiner
2671134385,-3.7090267,40.4312897,Garden
2671241919,-3.708179,40.4267858,El Amor Hermoso
2671241930,-3.7074034,40.4260905,La Carmencita
2674508120,-3.7014358,40.4213851,La Austriaca
2676403354,-3.6791678,40.4199417,Casa Martín
2676681007,-3.7134716,40.4257426,Bora Bora
2676855000,-3.7036263,40.422695,Bar Galleta
2676855001,-3.7050937,40.4235992,Estación Malasaña
2678581208,-3.7086469,40.4235515,Bar Selva
2681923263,-3.709445,40.4244549,Fotomatón
2682145885,-3.7114898,40.4258218,El Jardín Secreto
2683834796,-3.7066651,40.4232589,Alevosía
2686354969,-3.7034042,40.4288286,Varsovia
2686612542,-3.7046498,40.4225962,Estupenda
2692358624,-3.7078743,40.406098,Gourmet
2692581960,-3.7027566,40.4233876,Farmacia de Guardia
2692581964,-3.7020962,40.4237802,Sidi
2692581973,-3.7028673,40.4232668,Gorila
2694452207,-3.707832,40.4206008,Tanka's
2694514305,-3.7070473,40.419116,Viña
2696236499,-3.7082735,40.4189491,La Galería
2696236500,-3.7081204,40.4189322,La Cervecería Deportiva
2696236503,-3.7087212,40.4173077,Sambao
2696236504,-3.7085488,40.4141739,Plaza Menor
2697521932,-3.7132643,40.4154499,El Anciano Rey de los Vinos
2697521934,-3.7145144,40.4124908,María Pandora
2702466186,-3.7076523,40.4266688,Bodegas Rivas
2702466187,-3.7079906,40.4267664,Café La Palma
2702466188,-3.7081798,40.4267214,La Palmera
2702466189,-3.7083229,40.4267294,La Pastelería Eventos
2703977210,-3.7053877,40.4240264,Vian
2703977212,-3.7053081,40.4241741,La Milana Bonita
2703977219,-3.703746,40.425203,Punto Sur
2703977221,-3.703586,40.4254398,El Rincón
2704017909,-3.7035901,40.4269172,El 2D
2713719961,-3.7015592,40.4871076,El 23
2715333601,-3.7087489,40.4268477,Estocolmo
2715333606,-3.7086952,40.4268424,La Caracola del Norte
2717099618,-3.7051372,40.4238827,La Casa del Pez
2723834805,-3.7009567,40.4143535,Cervecería Santa Ana
2725509702,-3.708724,40.4257122,Candi
2725509705,-3.7101173,40.4258631,El Chorrillo
2725509709,-3.7106678,40.426245,Rustika
2725509720,-3.7105579,40.4265288,Macanudo
2725509726,-3.7104605,40.4264797,Taberna de Abajo
2725509731,-3.7102896,40.426784,Taberna del Limón
2725509744,-3.7103729,40.4269337,Taberna de Corps
2725509748,-3.7097747,40.426831,Taberna de la Casta
2725509753,-3.7098712,40.4268392,La Canela
2728979086,-3.7091551,40.4207051,Bar Muñiz
2728979106,-3.7090013,40.4197232,Cervecería Monje
2730780941,-3.6811754,40.4045499,Bodegas Casas
2732823170,-3.5884045,40.4645709,Bar Pepito
2739009484,-3.7115471,40.3959125,Donde Blas
2756126346,-3.7032742,40.4251497,Súper Pop Bar
2769265445,-3.7013629,40.4238524,Wharf 73
2777281758,-3.6981877,40.4261262,Macera
2777281759,-3.6980858,40.4261723,Cuatro de Ocho
2779332371,-3.6748915,40.4271584,Bar Ayala
2779332414,-3.6783279,40.4273588,DG Lounge Coffee
2782198968,-3.7058956,40.4231671,El Rincón de Falin
2799017153,-3.5977048,40.3631669,Ensanche 71
2799017156,-3.6008728,40.3676749,Lakshmi
2800761748,-3.6226454,40.4023377,BareM@gnum
2800761751,-3.622353,40.3988437,As Sport Bar
2813472230,-3.6987067,40.4257581,Adam
2815481540,-3.7034373,40.4269057,Verbena Bar
2815481542,-3.7028574,40.4267558,Laberinto
2820273947,-3.7060007,40.4219187,Ideal
2820273948,-3.7060665,40.4219617,
2824456974,-3.7095302,40.4195218,Sankara Lounge Bar
2832332736,-3.7000147,40.4533285,La Zure
2839832721,-3.6736282,40.4582797,La Bomba Bar
2864063288,-3.6801966,40.4583293,Forty Six
2864197169,-3.6990651,40.4570535,La Takaña
2867455331,-3.6841131,40.4585098,Mercado Provenzal
2868776266,-3.7119998,40.4573123,Michele's Bar Francos Rodríguez
2877835224,-3.7090054,40.4114128,Lorena
2883849005,-3.6938377,40.4410002,Pel Place
2892561608,-3.7167772,40.4280161,La Tizona
2894396964,-3.7191022,40.4322941,Río Duratón
2910965642,-3.702274,40.4594337,Jarra y Pedal
2916188366,-3.7042257,40.4474054,Rubí
2917316307,-3.7081329,40.4204852,Wanderlust
2924977457,-3.6863163,40.4352426,Makkila
2929357293,-3.7002391,40.4595133,La Jara
2930709925,-3.7005483,40.4590725,Tirón
2932436337,-3.7001686,40.4600448,Baranzo
2932436338,-3.7004217,40.4601708,Distrito Tetuán
2941635139,-3.7014951,40.4613973,Crespo
2944066790,-3.6443477,40.4031309,Crin
2945792743,-3.7000483,40.4611902,Martín
2946232757,-3.6943449,40.4671072,Doble V
2955618099,-3.686582,40.4367393,Check-in Madrid
2969131853,-3.7092236,40.4758365,La Cancha
2969139064,-3.7079297,40.4761017,Las Vegas
2969142008,-3.7026319,40.4776173,Pub El Tirol
2978244553,-3.709838,40.4642606,Bar Capri
3014676776,-3.7061542,40.4065217,Gibraltar
3045505035,-3.7109533,40.4361586,Vita Bar
3046071470,-3.6566857,40.4227265,Bar JyJ
3050304794,-3.7187838,40.4745272,Hawaii
3051156933,-3.6048384,40.423683,La Criba
3063837753,-3.6481518,40.4335946,Docamar
3063837754,-3.6474893,40.4341519,El Águila de Gredos
3068221417,-3.6870559,40.4591356,Terraza Tochi
3076682054,-3.6958646,40.4204411,Bar Sifón
3076682056,-3.6959227,40.420441,Revoltosa
3094898221,-3.6848307,40.4351631,El Cuento Bar
3096035812,-3.7133304,40.3485982,Vertical Bar de copas
3119334862,-3.7017434,40.4625994,Eñe + que una letra
3124574960,-3.6944375,40.4632841,Bar Gallego Loureiro
3125759380,-3.7684073,40.3954285,Cris
3135450023,-3.6822727,40.4423864,Veracruz
3135450028,-3.6891717,40.4463121,
3135960741,-3.6902173,40.4497412,Vanila
3145290173,-3.7071272,40.4651454,Vistabella
3157971326,-3.6530335,40.4251696,Bar Dos Hermanos
3159083676,-3.6509423,40.4235369,Los Chikis
3161138703,-3.72839,40.3867067,Trote bar de copas
3161160131,-3.6965167,40.460715,Vi Ai Pi
3161180807,-3.6868994,40.4586254,Gran Bocadillo
3161265198,-3.6984803,40.4227197,Baco
3165728361,-3.6881312,40.4620353,
3172798059,-3.6461956,40.4300609,Sidrería El 3
3196265243,-3.714034,40.4434177,La Braña
3196267992,-3.7145052,40.443697,After Nine
3196394313,-3.7107031,40.4472638,
3203268984,-3.6515139,40.4300693,Cervecería Torrecilla
3206672288,-3.7189077,40.4222571,Café del Rey
3206679166,-3.6642229,40.4354314,Cafetería/Cervecería Biarritz
3206737731,-3.6647548,40.4347923,Bar Fiesta
3212683924,-3.6820934,40.4347025,Bar Cruz
3218087240,-3.7136074,40.4128643,Bar Esperanza
3218093818,-3.7124848,40.4125175,Tacos & Tapas
3218100969,-3.7106526,40.4119249,La Mazeta
3220340953,-3.7047857,40.4208512,Bar Esteban
3236026336,-3.7081765,40.4095776,La Plaza
3236026340,-3.7087901,40.409597,Casa Álvarez
3236026342,-3.7090453,40.4101687,La Flamenca 3.0
3237847435,-3.7081087,40.4194551,Click Music Bar
3237847438,-3.7058658,40.4216136,José Alfredo
3240923396,-3.7085426,40.4268274,4 Latas
3242030110,-3.6956903,40.4248827,Bocadillo de Jamón y Champán
3242331192,-3.7042656,40.4263293,Calandria
3244468584,-3.704958,40.4255968,Coco Bar
3244468586,-3.705263,40.4256183,La Prudencia
3250056456,-3.6766332,40.4023749,Bodegas Casas
3251419496,-3.6765785,40.408109,Fogg Bar
3256647864,-3.6930058,40.4568031,Eco Charlie
3256665361,-3.6928904,40.4569868,Buchanan's
3258049557,-3.6990363,40.4269157,Taberna de Barceló
3265474258,-3.6734839,40.4394483,Moarán
3269709361,-3.7159308,40.3960211,Bar-restaurante Astur
3282041399,-3.6283293,40.4194231,Bar Los Hermanos
3298319226,-3.6338807,40.4276152,Bar Mar Rojo
3308435266,-3.7142405,40.43845,El Barril de Argüelles
3314970278,-3.7536729,40.4020584,Silbra
3314970761,-3.7536358,40.4021234,Cocodrilo
3339829816,-3.6945849,40.3601359,Pema
3345686922,-3.699188,40.4216907,Pepito Grillo
3353773648,-3.7069085,40.4197751,Preciados 38
3353773649,-3.7070826,40.4198006,Gramabar
3357952294,-3.7112841,40.4261217,El Café Sin Nombre
3357952296,-3.7110127,40.4264063,El 14
3359348284,-3.7105415,40.4262894,Black and Yellow
3359367684,-3.7079155,40.4292232,Los Claveles
3359367685,-3.707997,40.4287851,La Parada
3359367687,-3.7077422,40.4289362,Taberna Acuerdo
3361315180,-3.698182,40.420315,Pouss
3361315183,-3.6951449,40.424171,Cervecería Dávila
3361315187,-3.6963366,40.4242298,Café Bar Madrid
3361624778,-3.7038512,40.4251304,V. Manneken
3361624779,-3.7042171,40.4251563,Mongo
3361672812,-3.6801582,40.4432185,Marisquería Alonso
3365559335,-3.6993993,40.4106286,El Gato Verde
3365559336,-3.6994856,40.4105561,O Can Sentado
3371746494,-3.7045413,40.4272002,La Mirinda
3373098145,-3.7094972,40.4161312,La Esquinita
3376489929,-3.7049514,40.428743,Espit Chupitos
3381360107,-3.7005074,40.4144237,Santa Caña
3384806163,-3.6651417,40.430025,Los Timbales
3385067554,-3.6910434,40.4337157,Miguel Ángel
3387511790,-3.7078926,40.4136626,Ojos Negros
3393795641,-3.7002885,40.4213045,Mamá Inés
3415078373,-3.6989597,40.4394967,Bretón 16
3415078380,-3.6990669,40.4395027,La Parroquia
3417781508,-3.6931054,40.4063237,Cervecería Domínguez
3425030898,-3.7025669,40.4143452,España Cañi
3426608067,-3.6933237,40.4224294,Ponja
3426608072,-3.6925607,40.4224157,La Taberna del Gijón
3426800321,-3.6943865,40.4237616,Teide - Madrid
3428476944,-3.6990933,40.4362131,Bodega La Ardosa
3431663662,-3.6153391,40.4272321,
3461877006,-3.7105043,40.4242121,
3471768254,-3.7017265,40.4267653,Juicy Avenue
3471882708,-3.7019547,40.4248737,Domino
3472042689,-3.7034531,40.4277177,The Traveller
3474118354,-3.6978421,40.4364837,El Toboso
3481429979,-3.6804717,40.458818,Liberata
3484774658,-3.6757202,40.4223908,Silma
3502726879,-3.7069348,40.4166803,El Rincón de Madrid
3503303178,-3.7012943,40.4283,Churruca
3504964905,-3.6944168,40.3537964,Monico
3510203569,-3.6940803,40.3529603,Bar Estrella
3517146959,-3.7037473,40.4257913,Obsoleto
3521872594,-3.6977266,40.3502188,JM
3523878156,-3.7023146,40.4230264,Bar Code
3523878160,-3.6993691,40.4233515,Coto
3533733427,-3.6919153,40.4289701,d'Abbey Bar
3536706619,-3.7091884,40.4760216,Suiza
3538422614,-3.6963142,40.3525875,Casa Conel
3538423585,-3.6958409,40.3518551,
3541298247,-3.6968069,40.3519374,Café Bar Martínez
3550742279,-3.6914092,40.3498265,Las siete ruedas
3564355360,-3.7008235,40.3610176,Hnos. Pérez
3564613394,-3.6989145,40.4422546,Alambique
3576712955,-3.6976604,40.4295481,Mual
3590369004,-3.6979474,40.4304866,Atomium Bar
3590376792,-3.7011281,40.4294662,La Chocita Sueca
3611166012,-3.6683803,40.4525666,Pub Isis
3613158036,-3.6777284,40.467815,La Mansión
3614543003,-3.7089162,40.4114464,La Lina
3614543005,-3.7093711,40.4150505,El Pimiento Verde
3617881691,-3.7011539,40.4273297,Rhino Wild Bar
3617884813,-3.7007633,40.4268725,Barbarum
3621497819,-3.7185219,40.4318122,Ness
3628619365,-3.7076205,40.4273562,Taberna Casa Antonio
3628683898,-3.7040632,40.4263101,Nightfall
3628683899,-3.7052647,40.4264283,Wrong Way
3631781470,-3.7040278,40.4258323,Tiki Chateau
3631781472,-3.7048303,40.425895,Casa Macareno
3631781473,-3.7036729,40.4257081,Café Manuela
3631781475,-3.7041505,40.4258509,Copper
3631805668,-3.7033589,40.4256777,Poca Vergüenza
3637122572,-3.6944602,40.351563,Gallegos
3637122573,-3.6955711,40.3513708,Hermanos Aguilera
3637122574,-3.6953503,40.3512474,Hermanos Martínez
3637122577,-3.6955392,40.3512467,Lumar
3642847373,-3.704592,40.4286971,Destino Malasaña
3642858927,-3.7025964,40.426261,El Rey Lagarto
3642858929,-3.7032769,40.4262991,La Vaca Austera
3644961939,-3.7027478,40.4176096,Café y Tapas
3646061906,-3.7041481,40.407486,El rincón guay
3646319859,-3.7010949,40.4092523,El Quijote
3646338430,-3.7017624,40.4108754,Attack Bar
3658075038,-3.7050256,40.4090234,Label Bar
3669205772,-3.7193278,40.4309229,Bar La Reguera
3669880218,-3.6731032,40.4236925,La Sureña
3671513869,-3.6996452,40.412279,La Covadonga
3671513870,-3.6990954,40.4115049,Terral
3681998375,-3.7014788,40.4261401,El Dos de Palma
3682163458,-3.6975359,40.4224966,La Taberna de Chueca
3683540618,-3.7071593,40.4105681,Cervecería Antigua del Cascorro
3683540619,-3.7106692,40.4121187,Taberna Aranda
3690989816,-3.6988045,40.419891,Bar Cock
3693017821,-3.6997082,40.4202392,Reina 17
3693215238,-3.6984486,40.4203944,El Ángel Azul
3693215240,-3.6991038,40.4205014,Zarpa
3695391153,-3.6959942,40.4096288,Kárdamom
3695444229,-3.6964233,40.4097575,Oliveto
3695444230,-3.6969732,40.4100302,Más al Sur
3695444233,-3.6980387,40.4107039,Bar Benteveo
3695444235,-3.6992032,40.4116328,La Peña
3695444238,-3.704081,40.4147897,Olé
3703256002,-3.70463,40.4148456,Taberna 3
3706618419,-3.7021388,40.4247186,El Prado
3706644980,-3.7012915,40.4272012,¿Y Ahora Qué?
3706667697,-3.6998956,40.4297894,Bocatas Old-Bar
3706667701,-3.7005215,40.4320818,Bar Asturias
3706696719,-3.7010391,40.4322545,Maracaná
3706696720,-3.7012304,40.4322819,Arco Iris
3706696722,-3.7014941,40.4324059,Mentrida
3706696723,-3.7015505,40.4324514,El Cuatro de Copas
3706696724,-3.7015988,40.4325131,La Matritense
3710427283,-3.7133064,40.4242788,Abude's Bar
3710427284,-3.713359,40.4243378,Al Pisco
3710427286,-3.7134259,40.4241813,El Apartamento
3710427289,-3.7135616,40.424335,Rosso e Bianco
3710459855,-3.7148106,40.425759,La Mina
3713711216,-3.7003077,40.41624,La Marmita
3713711219,-3.7004385,40.4160985,El Barógrafo
3719067323,-3.6557715,40.4938206,Cervecería la sureña
3722399386,-3.696229,40.4033442,La Taberna del Tío Inda
3724071771,-3.7135379,40.4746614,Pichi
3724071778,-3.7133487,40.4755874,Taberna Lusitana
3724071781,-3.7139209,40.4757338,Bar J y M
3729743980,-3.701617,40.4296021,La Loca Juana
3730445916,-3.704234,40.4277562,Café Isadora
3730445919,-3.7042267,40.4286563,Café Di Vino
3738086714,-3.7603912,40.3895597,kuboking
3747257855,-3.6886919,40.4514713,Sherwood
3770277394,-3.7007134,40.4704101,Dos Amigos
3770288220,-3.6983626,40.4692095,La Montañesa Café 12
3770292723,-3.696699,40.4668222,San Salvador
3770295287,-3.6988106,40.4712126,Bar Toledano
3770312209,-3.6992669,40.4692064,Bar Martín
3770312858,-3.6984744,40.4701154,Yañez
3770324803,-3.6947981,40.4665878,Bar Julio
3770327482,-3.6912231,40.4706304,Ventilla
3770327494,-3.6921198,40.4709441,Santos
3770327495,-3.6922916,40.4710242,Churrería Márquez
3770327496,-3.6924499,40.4710642,Panda fuxion
3770327497,-3.692985,40.4712599,La deportiva
3780056013,-3.6012187,40.3999855,La Espiga de Valderribas
3783519534,-3.7079727,40.4069045,Skinazo
3783520909,-3.7083269,40.4135789,La Terazza
3800703692,-3.7096037,40.4112913,Cafetería Coto
3802033569,-3.7066962,40.4063389,Lusi
3802745969,-3.704452,40.4193001,DNorte
3817451057,-3.6982349,40.4323362,La Bodeguita
3824525258,-3.6976255,40.3517098,Luyego
3826680858,-3.6984375,40.4258894,Veinti 7
3828719389,-3.7001189,40.4207934,Enfrente
3897299360,-3.6984555,40.4232665,Lakama
3897299367,-3.6974642,40.4230238,Ángel Sierra
3921887787,-3.716807,40.3963846,
3921887788,-3.7166729,40.3965377,
3940344173,-3.7181113,40.4345529,Cosmopolitan
3940344177,-3.7180787,40.4345069,Lizarran
3940344179,-3.7182368,40.4348713,Massart
3944805977,-3.7097031,40.4642313,Balón de Oro
3946850007,-3.7026663,40.4181072,Café real cake
3946850017,-3.7019167,40.4196251,Tapa Tapa
3949468025,-3.6998572,40.4172188,Hontanares
3952636031,-3.7092641,40.4520544,La Concha Verde
3958480051,-3.7085804,40.4161364,Huang
3958480052,-3.7085104,40.4154179,La Bodega Bohemia
3958602066,-3.7072596,40.5043408,Club Peregrino
3972365489,-3.618148,40.3714814,Cervecería David e Iván
3976300418,-3.7016123,40.4162502,Cervecería Cruz de Malta
3981547227,-3.6993663,40.4107889,Casa Pachuco
3985459358,-3.7063544,40.4041815,Cantespino
3993194016,-3.7022561,40.415488,Bodegas Melibea
3997458283,-3.7156589,40.3971015,Cervecería Cruz Blanca
4005582086,-3.7013382,40.4065284,La Mancha en Madrid
4009528497,-3.7088972,40.4163433,El Perro Andaluz
4012426925,-3.7012856,40.4189616,El Rincón del Ibérico
4012562561,-3.7000112,40.4208515,Breeze
4014914776,-3.6761811,40.4743892,Faborit
4065855692,-3.7245461,40.4073062,Lizarran
4093379911,-3.7083335,40.4023453,La Rebujita
4109380331,-3.7028447,40.4670588,Ponlo Tu
4109380332,-3.7015487,40.469173,La Yama
4109380695,-3.6967807,40.4638037,Bar la Remonta
4109387489,-3.7033173,40.4649873,Bar Muñoz
4109392321,-3.7043724,40.4649967,Cervecería Peralta
4109394896,-3.7022849,40.4696515,El Verduras
4109400892,-3.6951819,40.4646275,Bar Pascual
4109404079,-3.6954929,40.4644988,Casa Sotero
4109426601,-3.6957861,40.464035,Bar 322
4111617512,-3.6987092,40.4672098,La flor de Gredos
4117024679,-3.6979142,40.4697014,Bouquet Casa de Paco
4121955391,-3.7015317,40.4229906,La Paca
4121955394,-3.7014727,40.4234898,Corazón
4142790835,-3.7156576,40.4246368,Marrakech
4144708989,-3.6722614,40.4244827,Los Torreznos
4153727615,-3.7308558,40.3852401,Bar El Encuentro
4157221702,-3.7083162,40.4133062,Cava Baja 5
4157221703,-3.7083579,40.4132429,Extremis Dorii
4161309789,-3.6219776,40.3722846,Bar Menorca
4161556813,-3.7102807,40.4118409,47 Cocktail Bar
4171202753,-3.7020569,40.4160644,O' Reilly's
4173479792,-3.6772273,40.4236442,Mesón Paxairiños
4174784772,-3.7126981,40.4822162,Hemeya
4193757193,-3.6973429,40.440691,Bar Sylkar
4208402807,-3.6513439,40.4632061,Roas
4210466549,-3.6934299,40.4620542,Kerala
4210466550,-3.6918002,40.459781,Kube Madrid
4213262705,-3.6562603,40.4222079,Porta Latina
4213675798,-3.7023903,40.4159135,+KCopas
4213675800,-3.7023791,40.4156614,Café del Soul
4213675804,-3.7013578,40.4153666,Copas Rotas
4213970403,-3.725713,40.4141114,Los 60
4213992689,-3.7266992,40.425702,Florida
4225320816,-3.7001423,40.422344,Vale
4228093304,-3.63503,40.4623624,Terraza Nordeste
4228976890,-3.700403,40.432618,Cervecería Carril
4233944630,-3.7202047,40.4276764,Gastrobar Rosales 36
4233994018,-3.6791561,40.511421,Avila La Muralla
4233994027,-3.678981,40.5110007,Luso
4234036247,-3.7179341,40.4326642,Restaurante Manolo 1934
4234253957,-3.670756,40.4462041,Los Tejares
4236724892,-3.6351246,40.4732031,La Gamba
4237275474,-3.7092689,40.4101072,La Paloma
4237517692,-3.6993627,40.4151873,Carbones 13
4237517693,-3.7012292,40.4154975,En Babia
4242064457,-3.7483937,40.3802924,Cervecería Alba
4242064466,-3.7482734,40.3815249,Salvaz
4247470448,-3.7023977,40.4231338,The B-52s
4253087157,-3.6920374,40.4630196,Bar Bambú
4253094123,-3.6943457,40.4631042,Entrebares
4265315486,-3.6752958,40.4796787,Bar La Real
4287921220,-3.6939872,40.4410073,Gues
4293159033,-3.6790105,40.4364289,Mr. Mind
4293162919,-3.7050795,40.4264743,Lola Loba
4311812545,-3.7122422,40.439444,Taberna del Volapié
4319314290,-3.6986785,40.4339088,Escarcha
4324662689,-3.6945486,40.4516355,Picasso
4325214178,-3.7015769,40.4300307,Cervecería Pako's
4331641912,-3.6961829,40.4261613,Cabra Negra
4333420091,-3.7013996,40.4061361,Loukanikos
4333435289,-3.6966129,40.4132519,"Trocha, el lugar de la caipirinha"
4333435389,-3.7014668,40.4054878,Borodin
4335214601,-3.7029629,40.4286867,Ay Manuela
4336668490,-3.6427659,40.4405717,La Santa Tapa
4337709993,-3.6976405,40.4130463,Dos Gardenias
4340357591,-3.6682546,40.509281,El Pescador
4342490990,-3.6902859,40.4402165,Kiosco Bellas Artes
4342610591,-3.690386,40.4483453,Gayarre
4347008641,-3.7112898,40.4077491,Los Caracoles
4347447089,-3.6714499,40.3840825,bar muñoz
4348851889,-3.7027669,40.4148442,Essential Flamenco
4358971991,-3.7136337,40.4782856,Tarantino
4359870163,-3.7150645,40.4249393,Moustache's
4369764663,-3.710033,40.4358091,El rincón de Hugo
4372111493,-3.7138811,40.477147,Los Robles
4379048614,-3.6965834,40.4220666,Válgame Dios
4379753148,-3.711517,40.4355343,El tren
4379753154,-3.7147249,40.4338663,Yedra
4379753155,-3.7149923,40.4333773,Madriz Madrid
4394691960,-3.6990241,40.421934,Kavu Bar
4394691970,-3.6988836,40.4140743,Stop Madrid
4410312392,-3.6732714,40.4058234,La Central
4410312393,-3.6733359,40.4054247,Bar Serrano
4410384489,-3.6728228,40.4060177,Bodega Estebaranz
4410384589,-3.6730203,40.4057868,La Giralda
4413615499,-3.7154049,40.4777433,Pamer
4422659890,-3.7023215,40.4206686,Boyberry Gay Bar
4422757456,-3.7080583,40.4351465,Gar Mar
4424621390,-3.7020042,40.4272213,Churrería La Mejor de Fuencarral
4428145794,-3.6418929,40.4266047,Los Amigos
4429212890,-3.7082155,40.435017,Siboni
4437477981,-3.7456781,40.4025558,La Pista
4437478367,-3.7456943,40.4023407,El Rincón de Mari
4456198032,-3.6997793,40.4135303,Medaigual
4456198034,-3.697011,40.4123237,Little Rose
4483431553,-3.6988989,40.4450863,
4500347105,-3.7083031,40.453515,Los Charros
4500438094,-3.708138,40.4528543,García
4511843331,-3.6575228,40.3927918,De tó la vida
4520484603,-3.7073165,40.4349606,Apolo
4536091893,-3.667237,40.5057627,
4547330439,-3.6340918,40.4719584,Las tres CCC
4549473516,-3.6421084,40.4358759,Los Tres Diamantes
4551178965,-3.7013431,40.4167322,La Risueña
4552433601,-3.6475793,40.4335554,Carvecería 100 Montaditos
4552434413,-3.65374,40.4357788,Bar Restaurante Astur Leonés
4553713692,-3.7000612,40.4224338,Indalo Tapas
4555485392,-3.7173711,40.435557,Café More
4555499093,-3.7176777,40.4355701,Café Anjupe
4564486891,-3.650776,40.4381214,Rodamari
4568442296,-3.7024499,40.4364179,Bar Río del Narcea
4568467593,-3.7020684,40.4370379,El Pontón
4574046193,-3.6511768,40.4388507,El Rascacielos
4574085798,-3.6505836,40.4373373,Cervecería Olivares
4574999089,-3.7031437,40.4371628,Gades
4583024391,-3.6376386,40.4378534,El Bar de los Bocadillos
4583035692,-3.6398069,40.4369918,Heladería Tino's
4584164489,-3.6576255,40.4073636,Los Candiles
4586165039,-3.6068631,40.4022944,Madrid
4587186119,-3.7027581,40.4344396,Taberna Saudade
4592749493,-3.6541024,40.4385254,Cervecería El Barril
4592770393,-3.654103,40.4406968,Cervecería Cisneros
4592827592,-3.6551019,40.4441869,Sweet Suomi
4592827789,-3.6545283,40.4392654,Cervecería Milano
4592831491,-3.6567377,40.4486299,El Rinconcito de la Cabaña
4592852490,-3.6554367,40.4424414,Rinconcito de Jesús
4592883489,-3.6565117,40.4480834,Cervecería Gambrinus
4592956390,-3.6529261,40.4404477,Taberna La Cañería
4594454594,-3.6739866,40.4344478,Cervecería Bar Los Calamares
4594489292,-3.6710851,40.4311983,Café Molière
4594489392,-3.6706599,40.4306825,Sidney
4594496792,-3.6709463,40.4310236,Cervecería Toni
4594542403,-3.6739806,40.4337662,Don Carmelo
4594569396,-3.6771294,40.436813,Taberna Degusta
4594569598,-3.674275,40.4340816,Euronews Cafe
4594569895,-3.6764297,40.4361236,Martinica
4594571293,-3.6773899,40.4370393,Castilla
4594605714,-3.7133495,40.4310448,Bar Segovia
4594605715,-3.7133369,40.4311554,Bar-Café Doctor
4596488305,-3.6526047,40.4363346,El Centro del Parque
4596488403,-3.6530229,40.4361218,La Terraza del Periso
4596488406,-3.6590007,40.4351741,El Barril
4596489398,-3.6521992,40.4364821,Quepar
4596506803,-3.651275,40.4369365,La Iguana
4596506813,-3.6563003,40.434959,La Leonesa
4596506814,-3.6564939,40.4348641,Caypi
4596523696,-3.6520894,40.4365219,Cafetería Isla
4596525106,-3.6589206,40.4347877,La Giralda
4596525108,-3.6574795,40.4345809,
4596525109,-3.6572168,40.4345721,Nevada
4596525492,-3.6531475,40.4360422,Entre Tapas
4596525494,-3.6568364,40.4348951,Nuevo Costa Azul
4596542506,-3.6580266,40.4332593,Anjo
4596542835,-3.6556614,40.4340027,El Paleto
4596558793,-3.6554758,40.4331984,La Cañada
4596559091,-3.6569185,40.4340556,La Alegría
4596564990,-3.6589245,40.4323584,La Morenita
4596649589,-3.6560697,40.4332857,Vicky's Fusión
4605881300,-3.7000624,40.4084567,Maldito Querer
4606175596,-3.6633358,40.430534,César
4606183894,-3.6652949,40.4299481,El Nuevo Rincón de Jaén
4606183896,-3.6644979,40.4299628,Show Sushi
4606349690,-3.666201,40.4291517,La Parisiena
4606368890,-3.6661186,40.4291937,Karpe
4607942600,-3.6520398,40.4387738,Lucía
4607942693,-3.6516941,40.4376602,Iván
4607970090,-3.6515541,40.4389088,La Ribera del Duero
4608009994,-3.6518664,40.4384156,Unobis
4608046591,-3.6514375,40.4383399,Astur Leonés
4608167191,-3.7132628,40.4715431,El Barco
4610120698,-3.6679512,40.4277584,El Barrio
4620571582,-3.7101966,40.4119788,Café Racer Club
4623524490,-3.653824,40.4386658,Yolanda
4623663292,-3.6490525,40.4397673,Jope
4623704789,-3.642184,40.4408155,Luvial
4624008795,-3.6442453,40.440309,Las Tres Coronas
4629688781,-3.6221538,40.397224,
4629699675,-3.6233249,40.4003671,Bar D2
4639451387,-3.7010721,40.4310763,Trafalgar
4639451388,-3.7016005,40.430118,El Bunker de Cisneros
4639451889,-3.7039769,40.4278493,Aleatorio
4643813080,-3.7091977,40.4162893,El minibar
4644311952,-3.721455,40.4305688,La Rosaleda
4644354045,-3.7210797,40.4301826,Saco's
4644400285,-3.7207878,40.4298883,Café Bar Thomas
4650312592,-3.7003452,40.4144685,Confitería Alemana
4651496890,-3.7103185,40.4308653,Bannaby
4651496893,-3.7116971,40.4308681,El Gruñidor
4651496897,-3.7127285,40.4342956,The Toast Café
4674991087,-3.7190826,40.427246,Lex
4675020035,-3.7200814,40.4275526,Taberna Alboronia
4676206189,-3.6740913,40.4378814,Tiempos mágicos
4676486736,-3.7102396,40.4122639,El Zapatero
4676999583,-3.7099197,40.4075543,Miami Hookah
4676999584,-3.7096735,40.4075938,Ataca Paca
4677015749,-3.7103809,40.408682,La Fuentecilla
4677015754,-3.710493,40.4085393,La Paloma
4677276090,-3.6910665,40.3883103,Runaways
4678508174,-3.6966166,40.4125228,Dumbarton
4680084389,-3.6236277,40.395631,La era
4680243989,-3.6953327,40.4103167,
4680258494,-3.6511542,40.4499717,Emyfa
4680274895,-3.650457,40.4501264,Farruca
4680274896,-3.6503552,40.4504363,
4680332391,-3.6505313,40.4504057,Clair de Lune
4680552691,-3.6516924,40.4461937,
4682924479,-3.7105649,40.4171616,Fígaro Café
4683540964,-3.7193179,40.4267551,Bar Marius
4683555372,-3.7188118,40.4262592,Rosales 20
4688416185,-3.7174836,40.4131126,Magadan
4688697408,-3.7013511,40.429265,Cervecería Tropecientos
4690578048,-3.716029,40.4261502,El Escalón
4690640879,-3.7160392,40.4250368,Bar Debod
4695486391,-3.7095097,40.4327954,La Mina
4695486392,-3.7100355,40.435771,Casa Víctor
4695709004,-3.7271941,40.424472,El Abascal
4699185078,-3.7002365,40.4250739,El Kubo Loco
4699185081,-3.7015955,40.4245361,La Usina
4703100726,-3.703075,40.4116807,El Rincón del Cabo
4703448415,-3.6980205,40.4245196,Areia
4704036991,-3.7004832,40.4089631,
4704036996,-3.6635295,40.4304247,
4704094999,-3.6531274,40.43462,
4704213192,-3.6555598,40.4342611,
4704255690,-3.6536941,40.4345379,
4704255691,-3.6541477,40.43628,
4704255989,-3.6528762,40.4346594,
4705285126,-3.7002361,40.4335245,Bar Galicia
4705388495,-3.6592463,40.4342717,
4705388496,-3.6589149,40.4343059,
4705398993,-3.6588023,40.4339309,
4705430890,-3.6584893,40.4345428,
4705430989,-3.6588662,40.4346,
4706145391,-3.6578893,40.432392,
4706160290,-3.6577263,40.4327242,
4706160292,-3.6578298,40.4321518,Bar Olimpo
4706732692,-3.6682153,40.4271473,
4706823257,-3.7234067,40.4058207,La Competencia II
4706841491,-3.6659761,40.429254,
4706841494,-3.6682318,40.4270458,
4708290973,-3.7007896,40.4297314,Pablu's Bar
4708418864,-3.6987189,40.4149146,La Galería
4708869389,-3.6683118,40.4262316,
4708869589,-3.66885,40.4261158,
4708869590,-3.6683251,40.4260095,
4708869789,-3.6688737,40.4259211,
4710075393,-3.6667467,40.4266029,
4710075404,-3.635559,40.4383798,Hevia
4710185997,-3.6662632,40.4272155,
4710185999,-3.6666494,40.4283285,
4710186000,-3.6644128,40.429059,
4710186494,-3.6670185,40.4255723,
4710186495,-3.6663832,40.4264967,
4710186498,-3.6632706,40.4299305,
4710186501,-3.6675173,40.4323991,Casa Braulio
4710219389,-3.6690496,40.4235044,
4710219689,-3.6669619,40.4245461,
4710219696,-3.6140874,40.4452454,
4710219697,-3.6120312,40.4465612,
4710221189,-3.6637856,40.4299318,
4710221590,-3.7441037,40.3872612,Cervecería Gonmar
4710221593,-3.6506326,40.4373902,Hermanos Villar
4710221596,-3.6375447,40.4376386,Gambrinus
4710223391,-3.6393401,40.4374946,
4710224190,-3.6082027,40.4489467,El Gallo
4711173094,-3.6673171,40.4339973,
4711175090,-3.6335691,40.4389333,degustan-Do
4711181295,-3.6337914,40.4388686,
4711181300,-3.6632454,40.4353495,
4711200892,-3.6679927,40.4323395,El Ruedo
4711207892,-3.6653987,40.4350954,
4711635317,-3.7106404,40.4125651,La Taberna Chica
4711635318,-3.7106484,40.412531,Que Barbaridad
4711670705,-3.712257,40.4119824,Taberna Angosta
4713301935,-3.7142795,40.4265217,Bar Martín
4715053333,-3.7082771,40.4273518,Horacio
4715053334,-3.7083604,40.4273491,La Cantina
4717286899,-3.6770783,40.4408638,Casa Vicenta
4720242843,-3.7106754,40.4124145,La Tasca Latina
4720242845,-3.7086809,40.4136082,La Escondida
4720270751,-3.7103175,40.4119272,Hopper
4720270752,-3.7101129,40.4120145,Taberna Tempranillo
4720297300,-3.7096528,40.412697,Déjate Liar
4720297304,-3.7103203,40.4122223,J&J
4720297306,-3.7103932,40.4121778,Gor2.0
4720297309,-3.7106862,40.4119982,Que trabaje Rita
4720725689,-3.7448805,40.3988733,Ares
4721676594,-3.6995403,40.425224,Xares
4721676595,-3.6946825,40.4238352,Ambigú
4721929914,-3.714264,40.4243474,Pénjamo
4723957525,-3.7158045,40.4343406,Cervecería J.J.
4723957526,-3.716957,40.4343367,Narizotas Bar
4724807889,-3.656255,40.433244,
4725527229,-3.6677031,40.4443662,Chacín
4725920295,-3.6994105,40.4110994,Café Doré
4726723430,-3.7530878,40.3915228,Dando Caña
4726744271,-3.7190355,40.4728214,Silos
4728017998,-3.6979798,40.3966992,Mesón Las Tinajas
4732142530,-3.6950197,40.4280752,Gaudi
4732142533,-3.7017509,40.4271457,Gramabar
4733004572,-3.7159779,40.4750324,Torres
4736042046,-3.6989403,40.4196679,Museo Chicote
4738041540,-3.7020926,40.4304046,La Lobera
4739735331,-3.6995366,40.4149539,El Burladero
4739735332,-3.6995344,40.4149017,Salmon Guru
4739933401,-3.7038435,40.4771961,La Pradera
4741551921,-3.7126408,40.4492356,Tapelar
4741575156,-3.7204311,40.4128144,Cervecería Linneo
4741575159,-3.7184735,40.4137012,Bar Jesús
4743144892,-3.7292324,40.3903425,Gambrinus
4743144893,-3.7304774,40.3912672,
4745037855,-3.7024398,40.4229498,Warehouse Bar
4747225322,-3.7022678,40.4149638,Bar Las Bravas
4753909721,-3.7070629,40.4468386,La Felicidad
4753909722,-3.6417929,40.4264692,Los Enemigos
4754154224,-3.6985884,40.3994086,La Pequeña Graná
4754154225,-3.6968041,40.3929442,Tapería Manchega
4754155222,-3.7002362,40.419335,El Rincón Abulense
4756743128,-3.6643856,40.4299636,Los Clarines
4756744623,-3.6642805,40.4293492,Puerta Grande
4758225445,-3.7099317,40.4339674,Casa Ricardo
4758256222,-3.7105872,40.4310944,Casa Ananías
4764521140,-3.6786119,40.4242441,El buey
4764552721,-3.6654891,40.4346815,Casa Sierra
4767505723,-3.6851407,40.4361666,Los Claveles Tavern & Music
4774553321,-3.7006028,40.420795,La Saga
4774553325,-3.6910959,40.4202705,St John's
4776957465,-3.7087367,40.4231618,Basico
4786500022,-3.7190905,40.4137159,Tego
4805801933,-3.703229,40.4247573,Alambique Mezcalería
4829131853,-3.6986467,40.4082157,Bar Automatico
4860719221,-3.6989195,40.4196538,Museo Chicote
4860765421,-3.7046191,40.4171759,Casa Labra
4861778757,-3.7038027,40.4289671,Maïmú
4870229520,-3.7006557,40.4248424,Harvey's
4874423220,-3.7013657,40.4317964,Old School
4875879350,-3.7177893,40.4212648,Taberna del Príncipe
4882119102,-3.6995884,40.4867576,Motown Music Bar
4887194829,-3.6542616,40.4441021,América
4889301786,-3.6975006,40.4226018,Chuecking
4889301787,-3.6984409,40.4227491,Valentina
4907787920,-3.6392056,40.4069279,El Cañón
4907791321,-3.6395441,40.4075914,Gourmet D'Arty Delicatessen
4920338424,-3.7834385,40.4659084,Restaurante Bamboleo
4927061625,-3.6948806,40.4281794,La Copita
4927062121,-3.6951601,40.4275305,Juicy Avenue
4927372921,-3.6873462,40.4205057,El perro y la galleta
4942814297,-3.6914708,40.435761,Bacanal
4942817049,-3.6910317,40.4362635,D'Pipo
4953454864,-3.7021017,40.4834518,Babel
4955422621,-3.6986849,40.4062676,La Rosa
4957167427,-3.6974466,40.3582212,A'Gaviotiña II
4957169423,-3.6974598,40.3583559,La Torre
4957171722,-3.696992,40.3569464,Las Vegas
4957196421,-3.6989421,40.3541767,En Ca Juancar
4957306024,-3.6942754,40.3910166,D'Guille
4957310223,-3.6941368,40.3975205,Layka
4957310524,-3.6944988,40.3976535,El Deleite
4957311723,-3.6934744,40.4009086,Cervecería La Cucaña
4957320721,-3.6944647,40.397935,Ochenta y Ocho
4961700275,-3.7106211,40.4135047,La Guinguette
4962094221,-3.6830571,40.4066616,Kubo King
4962707630,-3.7090554,40.4152668,The Sherry Corner
4964783121,-3.7091351,40.4157074,Cerveriz Bar
4964830925,-3.7183985,40.4311808,El Cabañón
4964835721,-3.6973069,40.4209558,Vides
4970115121,-3.702137,40.4207199,Valverde
4993237443,-3.6972145,40.4066797,Kubo King
4993404121,-3.6993839,40.4069506,La Chulapa en Mayrit
5004872835,-3.5814269,40.4718031,Bar Madrid
5008111822,-3.784342,40.447307,Taberna la Cañería
5032336821,-3.7027758,40.4147201,Matador
5034003623,-3.7029709,40.4145746,Matador
5040940365,-3.7105052,40.4542486,Bar Hidalgo
5053846782,-3.6988741,40.4457997,La Pocha
5079363529,-3.7010895,40.4103687,Liber Arte Cantina Cultural
5113733921,-3.6994475,40.4208599,Terraza de la Reina
5148058222,-3.6531829,40.4751476,La viña
5152077125,-3.7117792,40.4116089,Dr Limón
5157971721,-3.7010454,40.4161231,Nueva Galicia
5160386431,-3.6796753,40.4072234,Casa Ruth
5160386432,-3.7031961,40.4074282,Tribuetxe
5160387423,-3.6903516,40.418611,Los Jerónimos
5160387424,-3.710016,40.4094175,Javier Martín Croquetas & Café
5201756121,-3.6251217,40.4342287,LuankoBar
5204958238,-3.6778613,40.4240111,Aromas de la Dehesa
5228081005,-3.7025343,40.4261381,Cimmeria
5254250811,-3.7029547,40.4230388,Clavel
5254725021,-3.6987173,40.4141925,La Piola
5260979921,-3.6985488,40.4146189,Casa Pueblo
5263805022,-3.6957,40.4133019,Stop Madrid
5276492232,-3.6905902,40.3935946,Tania
5299489321,-3.6294398,40.4347045,Manhattan
5317053622,-3.7009786,40.4069766,Juan Raro
5319528317,-3.6101866,40.4458589,Bar La Montaña
5322153425,-3.7928911,40.3790896,La Bodega
5323162623,-3.7085419,40.4203576,Sauna Center
5324342178,-3.6775869,40.4065537,La Fermentería
5333310519,-3.6501674,40.4325911,Los Montes
5333310520,-3.6501378,40.4324628,La Taba
5337770038,-3.6978177,40.4692237,Tito Tita
5341476158,-3.7487532,40.3795909,Madriz
5349835423,-3.7003671,40.4153573,Montaditos
5356727159,-3.705127,40.4287613,Lounger
5356727160,-3.7054428,40.4287943,Guayoyo
5370045821,-3.5820851,40.4753978,El Café del Viajero
5370055421,-3.581975,40.4754573,La Alternativa
5371170721,-3.6180234,40.3703165,I más B
5372481244,-3.7021397,40.4321377,Yantén Veggie Bar
5375200495,-3.7029801,40.4267674,Coqtél
5383807281,-3.7110803,40.4139254,Bahiana Club
5383807287,-3.7091605,40.413664,Casa Otero
5383874575,-3.7065292,40.4156771,El Soportal Bar
5395448138,-3.699039,40.4327479,Meltdown Madrid
5403593927,-3.705435,40.4092225,Lap Cafe
5410560221,-3.6998997,40.4151298,College night
5412144552,-3.7113124,40.4076939,El Copón
5416301890,-3.719367,40.4126522,El 13 Bar
5422311448,-3.6574958,40.4358844,La Pinta
5423105521,-3.6985089,40.4228514,Shower & Gay Sex Bar
5423105621,-3.6982466,40.4230317,
5433323253,-3.716644,40.4204908,Bulevart
5454502421,-3.699529,40.4086315,Cafe de Ratas
5471326121,-3.6989314,40.4090679,Caminito
5475288760,-3.6727538,40.428485,RC 88
5475288762,-3.6728229,40.4286497,Casa Baltasar
5482655546,-3.6997559,40.431152,Luchana 23
5489460167,-3.7177322,40.4655144,El Rincón de Maná
5493309326,-3.6716826,40.4360176,El Cocodrilo
5498929486,-3.7015238,40.4195578,Barde Madrid
5508698167,-3.6990842,40.4503327,Guasa
5508708516,-3.6989125,40.4503194,Sarajevo
5600629224,-3.6995373,40.4136942,Blackbird Rock Bar
5615712723,-3.7140692,40.4130242,Overlook Bar
5617075843,-3.7286501,40.384738,Bar Alfonsillo
5633305621,-3.6060381,40.4342198,Las 9 Musas bar cafetería
5656718091,-3.7105993,40.4062988,Favorite 23
5666002534,-3.6865405,40.4848635,Cuesta
5701886001,-3.6830998,40.4236552,La Colonial de Goya
5717612609,-3.6463007,40.4632783,Café Yohana Bar
5740058621,-3.7106055,40.4126418,Black Mamba
5764433733,-3.676436,40.4572503,Casa Lucas
5771704253,-3.6884883,40.4712233,Puerta de Gredos
5779713588,-3.7004917,40.420999,La Española
5782300290,-3.6980075,40.4264202,Beti Jai
5838981806,-3.7172278,40.4304788,Mercado Provenzal
5840584206,-3.587813,40.4703631,Bar Pato
5862704186,-3.6960563,40.4029392,Las sobrinas
5866230898,-3.7242787,40.4645939,Bar Roseman
5866570285,-3.6712626,40.3995328,Femary
5868654950,-3.649531,40.4402569,El Dosaka
5869281107,-3.6923568,40.3749065,La Selva
5876436501,-3.6501083,40.4411208,El Rincón de Anca
5877693185,-3.7045481,40.4340391,La Bientirada
5878007585,-3.6506682,40.4406342,Bar La Plaza
5888762385,-3.7088119,40.4094612,Nina Pasta Bar
5906298421,-3.7202376,40.4304399,Casa Paco
5939992085,-3.6947812,40.4224418,Toni 2
5954646885,-3.7093946,40.4195987,Nanobar buenas cañas!
5967024516,-3.692117,40.4379112,Opium
5993648985,-3.698991,40.4360129,Roll Station
5995837908,-3.6993224,40.4374283,La Lianta
6000118985,-3.6934365,40.4365485,
6012790285,-3.7152183,40.4373696,La cervecería de Gaztambide
6016828185,-3.7083159,40.4367864,La Violeta
6022709785,-3.6962268,40.4406662,Rick’s
6028488467,-3.5773177,40.4730567,Julian
6039773385,-3.6529279,40.4287995,El Corzo
6039822585,-3.694145,40.4367285,El Picaporte
6088127285,-3.7101731,40.4334109,Pintan Tapas
6129055406,-3.620754,40.3746169,La Jijonenca
6142137285,-3.6960557,40.4522167,Cervecería Qve
6195249615,-3.6258691,40.3808114,Bar Agavel
6235633103,-3.7111482,40.4464813,Bar Arlanza
6235643928,-3.7112428,40.4464582,Manduka
6235716494,-3.7155272,40.4761556,Bar La Habana
6235725796,-3.7153529,40.4754067,Bar Tequila
6235742438,-3.7142223,40.4756714,
6239860658,-3.711233,40.4774838,Bar Cafetería Montoya
6239864126,-3.7125375,40.4754882,La comadreja
6239864918,-3.7123773,40.4749832,Bar Cafe
6257669595,-3.6993202,40.4374548,Fide
6257669596,-3.6993778,40.4397086,Fide 2
6278835947,-3.6506287,40.440815,Cervecería Bar Stewart
6288487429,-3.7286334,40.391753,Bar Café Mónica
6291924377,-3.7110203,40.4598062,La Toledana
6301948285,-3.6942697,40.3998824,La Pepa
6313090409,-3.7725816,40.4503487,
6313090785,-3.772636,40.4502359,Las Rosas
6329079864,-3.6293235,40.4405689,Rosz
6329079865,-3.6295544,40.4405045,Quinta de los Molinos
6356930487,-3.7007133,40.4266884,Malaica Café
6361391104,-3.6711093,40.3975112,Casa Rosita
6372794177,-3.706301,40.4350805,Bésame Aquí
6426921933,-3.7089376,40.4268662,De Vinos
6432597223,-3.6500469,40.4068581,Rubik
6448649485,-3.6995699,40.4159756,Sólo de croquetas
6477988980,-3.6136936,40.3984116,Arpillera
6483369677,-3.6748699,40.417037,El Ratón Vaquero
6485860385,-3.6929558,40.396209,El Txoko
6501881886,-3.7133061,40.4083438,
6567684481,-3.6983663,40.459665,Dubai
6582123720,-3.6484307,40.4093575,El rincón del paladar
6582123728,-3.6476651,40.4091051,Cervecería Don José
6582123741,-3.6436651,40.4089431,Cerveceria La Perla
6629513285,-3.7014011,40.4152483,La Ramona
6661105486,-3.6666426,40.3952856,Lima
6669416259,-3.6673844,40.396892,La Jamboteca
6710336552,-3.6863322,40.4698157,Bahía Negra
6710884991,-3.6678235,40.3963705,La pajarería
6727823385,-3.7016167,40.4163937,La fontana de oro
6739252381,-3.7014482,40.4066683,El rincón de hercules
6744465485,-3.7058628,40.4093942,Taberna Groumet
6759110321,-3.70074,40.4043287,El Atrakón
6804062485,-3.6985139,40.4203363,El tigre
6815285996,-3.6959645,40.4125742,Jazz Bar
6831634037,-3.661015,40.3925154,Los Asturianos
6888450746,-3.6990307,40.4480569,El Quinto Vino
6922981313,-3.7021232,40.4255415,Exotic Seed
6922981314,-3.7020825,40.4256343,Muerde Madrid
6928716546,-3.7100931,40.434895,Vergüenza Ajena
6958405685,-3.6952072,40.4073639,Nubel
6960764441,-3.661586,40.3850508,La terraza del fogón by Paco
6965525845,-3.6963181,40.407688,Argumosa 39
7098721985,-3.7140609,40.4329617,La Encarnita
7137233887,-3.6992477,40.408066,La Chingada Mix
7159011828,-3.6742531,40.4379768,Karaoke Maggyk
7159028069,-3.6734361,40.4315793,Before Madrid
7176009807,-3.7134398,40.457185,Los Alonsos
7176033878,-3.7138454,40.4566433,Siempre Igual
7252547886,-3.6992594,40.4406872,El Escudo
7310488074,-3.6746527,40.4462865,La Ópera Flotante
7411787285,-3.7052737,40.4332114,La Nueva
7611987367,-3.6095601,40.4002823,Bomarea
7644166785,-3.6792368,40.4244195,Taberna Recreo Espartinas
7724191170,-3.6474932,40.3848188,Cervecería la Avenida
7781089186,-3.6138368,40.4931139,Pals
7821065685,-3.641959,40.409688,Cafetería Mayfa
7821065785,-3.6418928,40.4099979,La fundición
7833114479,-3.7055915,40.4220387,
7865946785,-3.6969188,40.3936993,Barra Fina
7905281372,-3.6895456,40.3745392,Barril y Ciprés
7932103400,-3.7231199,40.4678643,The Golden Hookah
8016050964,-3.6072735,40.4342578,el och8 del metropolitano
8049068685,-3.7648022,40.375683,Paraíso Z
8094474778,-3.707966,40.4228326,Padrao
8123483070,-3.6053991,40.4317701,Avocado
8137142052,-3.6060001,40.4340675,La Previa
8145380152,-3.6578085,40.4256948,Una más
8234892317,-3.6961228,40.4182439,BOCANEGRA
8284059198,-3.7109956,40.4091966,Casa Dani
8284059199,-3.7108298,40.4092425,Bipolar
8397865915,-3.70916,40.452427,Donde Nico
8400873976,-3.7126515,40.4525509,Cervecería universitaria
8464311346,-3.7004882,40.4089663,Pianola
8518041605,-3.6799371,40.4570379,Cervecería Del Abuelo
8518041612,-3.6783967,40.4557335,La Vuelta
8533303717,-3.7127793,40.4073023,Abadía Beers
8563849827,-3.6984186,40.4016612,Bar La Amistad
8662377848,-3.6871191,40.4277228,Salón Cascabel
8712792556,-3.784426,40.4473191,Diferente
8712906217,-3.7034944,40.452445,Tabernita de dominguez
8718437969,-3.67249,40.4474691,V.O. Versión Original
8736895317,-3.699867,40.4111793,Liberte
8792221819,-3.6997771,40.4316141,Llagar El Quesu Madrid
8792318718,-3.705321,40.4088075,Tasca Barea
8792983617,-3.7004529,40.4074632,El Boqueron
8792996218,-3.7007578,40.4070266,La Fisna Vinos
8808911717,-3.7034784,40.4219652,La Cueva Rusa
8846717573,-3.7078152,40.4612966,Las parrilladas de La Gomera
8848498817,-3.676816,40.4051825,La tasquita
8889750914,-3.7160316,40.4082268,La Tía Feli Ronda de Segovia
8931281317,-3.7091307,40.4153975,La Hora del Vermut
8948794000,-3.7055889,40.4557016,Las Mendez
8948794010,-3.7042957,40.4558857,Atlantic
8963073017,-3.7060041,40.4111181,Citynizer Plaza
8971454617,-3.7055596,40.4209835,Bad Company 1920
8996147606,-3.6122795,40.3843242,
8998158237,-3.6532507,40.3887901,Sidrería Asgaya
9020071935,-3.7061609,40.4532203,Taberna de Castilla
9025418817,-3.697839,40.4022818,Hamburguesería Teddy
9056500972,-3.7510744,40.3751436,Bar-Restaurante Charly
9084241718,-3.7516146,40.3732107,Bar Doble-Pe
9118411617,-3.6963459,40.3982028,Vinoteca Borboleta
9167679017,-3.644365,40.4354804,Sanpeña
9266993694,-3.6991365,40.4395044,Pinzano
9276032655,-3.7478731,40.3786617,Cervecería Burgos
9276032665,-3.7457166,40.3753454,Bar Jarama
9276032668,-3.7458051,40.374949,Jaime García Calvo
9276032671,-3.7449817,40.3761035,Bar Manoví
9341734825,-3.7168164,40.4352746,Lambar
9367044829,-3.6049273,40.4278449,Panetika
9429708416,-3.7430152,40.3830855,Uramis
9429708417,-3.742173,40.3829475,Bar Tormis
9429708433,-3.7399351,40.3848896,Sónico
9429708437,-3.7399305,40.3855102,Maneras De Vivir Bar
9429708440,-3.739357,40.3854836,Lunares
9429708446,-3.7365932,40.3855437,Bar la Iguana
9440029493,-3.7476955,40.3783932,Bar los Pérez
9440091038,-3.7400874,40.3844434,Casa Mary Burger Café
9443076713,-3.7323893,40.3879272,Taberna D'Martín
9444934845,-3.6607672,40.3899753,La escondida
9450850755,-3.7038843,40.4569483,Tower Paradise
9455210561,-3.7531528,40.3726782,Sidrería el Rinconcito
9455210562,-3.7531553,40.372583,Bar Vegas
9456060886,-3.689263,40.4263191,Dry Martini
9491670267,-3.7616016,40.3873404,El Argentino
9502562488,-3.7455904,40.3736337,El Racimo de Oro
9518896594,-3.7485445,40.3794408,Amanecer
9518906139,-3.7483424,40.3803885,La Vitrola
9518906244,-3.7516358,40.3796738,Bar Pizarro
9518906257,-3.7523931,40.3792695,Delicia
9518906263,-3.752374,40.378799,Bar Eume
9518906283,-3.7503252,40.3767617,Leña al Mono
9520198073,-3.699438,40.4575422,Freedom
9532057269,-3.7140367,40.3960934,Opus Bar de Copas
9560061417,-3.7004669,40.4224228,La Tita Rivera
9593864637,-3.7617418,40.3935613,Illescas 111
9608480669,-3.7017696,40.4157768,Baton Rouge Cocktail Bar
9655564311,-3.6590423,40.4003587,Bar Litos
9683803784,-3.7440164,40.3891007,El Verde
9683803803,-3.7517788,40.3867025,Subway Club
9691562058,-3.7535748,40.3938564,El Gallo
9712606656,-3.7434693,40.3902559,El Morales
9726284847,-3.7526473,40.3897809,Seven
9726284850,-3.7530035,40.3900573,Coctelería Triangulo
9738464659,-3.7187092,40.398078,La taberna del Santo
9738511879,-3.6860409,40.3979506,Mariano café
9754376317,-3.6945836,40.4539685,Bar 9-12 Madrid
9754502817,-3.6985062,40.4453336,Eclat
9754512817,-3.6962404,40.4408086,Gil's Cocktail Bar
9755545231,-3.7117477,40.4249224,Sambhad
9773102716,-3.6168403,40.3829018,Cervecería Casa Gori
9794978423,-3.7025824,40.3897028,Una Grande y Libre
9822052473,-3.7615863,40.3980778,Bodegas Barrera
9825800817,-3.7037847,40.4233519,Manaquí Bar
9831318217,-3.6891407,40.4941288,Trèbol
9843753651,-3.6992699,40.4523734,La Gintonería de Candilón
9870758520,-3.7014055,40.3976135,Cafetería Misool
9872189436,-3.717004,40.4086345,El Ratón De Getaria
9874748161,-3.6605275,40.390216,Taberna La Frasca
9874924818,-3.7023962,40.4148386,Entre Pisco y Nazca
9877442120,-3.6963329,40.4136376,La Santoria
9887600258,-3.7098091,40.3930957,El Cafetal
9905746022,-3.6971288,40.4137663,Perro Paco
9905746417,-3.6990221,40.4082737,La Buga del Lobo
9906566918,-3.6957014,40.4115243,127 Taipei Bar
9986783018,-3.7734455,40.3932005,Cervecería Sotillos
9997394761,-3.6796372,40.4569208,Cervecería Maraya
10016869480,-3.7151444,40.4339723,Pequeña Habana
10024847141,-3.7031092,40.4419281,Mercedes
10024847142,-3.7028731,40.4419126,Lounge Bar Café
10026920061,-3.6385441,40.389083,El tole VK
10032253552,-3.7007545,40.431647,El Cabaret
10039481170,-3.6438637,40.4746795,Taberna El Silo
10126292122,-3.7544629,40.3732381,Bar Don Amable
10132925918,-3.7540561,40.3701024,Tía Marta
10132926020,-3.7545865,40.3687537,Bar Gilarranz
10132926024,-3.7559869,40.3685433,El Encuentro
10221761480,-3.70063,40.4582226,Disco a bar Karaoke
10266331341,-3.6896982,40.4216099,Harrison
10293819965,-3.6558993,40.3803835,El sur
