"Gruppe";"ValgstedId";"KredsNr";"StorKredsNr";"LandsdelsNr";"FV2022 - Stemmeberettigede";"FV2022 - Afgivne stemmer"
"101001";"101001";"1";"1";"1";"11022";"9742"
"101002";"101002";"1";"1";"1";"6071";"5213"
"101003";"101003";"1";"1";"1";"11124";"10110"
"101005";"101005";"1";"1";"1";"10900";"9057"
"101006";"101006";"1";"1";"1";"9550";"8078"
"101007";"101007";"2";"1";"1";"9512";"7376"
"101008";"101008";"2";"1";"1";"13144";"10614"
"101009";"101009";"2";"1";"1";"12600";"9938"
"101010";"101010";"2";"1";"1";"10582";"9338"
"101011";"101011";"3";"1";"1";"14528";"11290"
"101012";"101012";"3";"1";"1";"6329";"5732"
"101013";"101013";"3";"1";"1";"9429";"8279"
"101014";"101014";"3";"1";"1";"11689";"10193"
"101016";"101016";"4";"1";"1";"11045";"9014"
"101017";"101017";"4";"1";"1";"14277";"11666"
"101018";"101018";"4";"1";"1";"8064";"6705"
"101019";"101019";"4";"1";"1";"9353";"7914"
"101020";"101020";"5";"1";"1";"6295";"5254"
"101021";"101021";"5";"1";"1";"9966";"8437"
"101022";"101022";"5";"1";"1";"5860";"4935"
"101023";"101023";"5";"1";"1";"6517";"5734"
"101024";"101024";"5";"1";"1";"6786";"5857"
"101025";"101025";"5";"1";"1";"9766";"8355"
"101027";"101027";"6";"1";"1";"10076";"8016"
"101028";"101028";"6";"1";"1";"7232";"5650"
"101029";"101029";"6";"1";"1";"4120";"3215"
"101030";"101030";"6";"1";"1";"9123";"7333"
"101031";"101031";"7";"1";"1";"3776";"3295"
"101032";"101032";"7";"1";"1";"2597";"1577"
"101033";"101033";"7";"1";"1";"7072";"5967"
"101034";"101034";"7";"1";"1";"7807";"6522"
"101035";"101035";"7";"1";"1";"6031";"4397"
"101036";"101036";"7";"1";"1";"7759";"6393"
"101039";"101039";"7";"1";"1";"4566";"3930"
"101040";"101040";"7";"1";"1";"5107";"4445"
"101041";"101041";"7";"1";"1";"9963";"8418"
"101042";"101042";"8";"1";"1";"8012";"6779"
"101043";"101043";"8";"1";"1";"8817";"7577"
"101044";"101044";"8";"1";"1";"8846";"6921"
"101046";"101046";"8";"1";"1";"4699";"3549"
"101047";"101047";"8";"1";"1";"4872";"3818"
"101048";"101048";"8";"1";"1";"7337";"6150"
"101049";"101049";"9";"1";"1";"6985";"6329"
"101050";"101050";"9";"1";"1";"8056";"7038"
"101051";"101051";"9";"1";"1";"8237";"6268"
"101052";"101052";"9";"1";"1";"6249";"5520"
"101053";"101053";"9";"1";"1";"7504";"6705"
"101054";"101054";"9";"1";"1";"3415";"2687"
"101055";"101055";"9";"1";"1";"11317";"9689"
"101056";"101056";"1";"1";"1";"7821";"6975"
"101057";"101057";"2";"1";"1";"7818";"6563"
"101058";"101058";"5";"1";"1";"9339";"7459"
"101059";"101059";"6";"1";"1";"5280";"3959"
"147001";"147001";"10";"1";"1";"8258";"7428"
"147002";"147002";"10";"1";"1";"8499";"7654"
"147003";"147003";"10";"1";"1";"10972";"9889"
"147004";"147004";"10";"1";"1";"10215";"9002"
"147005";"147005";"11";"1";"1";"10314";"8511"
"147006";"147006";"11";"1";"1";"9138";"7747"
"147007";"147007";"11";"1";"1";"9671";"8239"
"147008";"147008";"11";"1";"1";"7909";"7106"
"151001";"151001";"20";"2";"1";"4054";"3121"
"151002";"151002";"20";"2";"1";"6011";"4643"
"151003";"151003";"20";"2";"1";"2531";"2237"
"151004";"151004";"20";"2";"1";"3080";"2335"
"151005";"151005";"20";"2";"1";"3679";"3338"
"151006";"151006";"20";"2";"1";"5635";"4416"
"151008";"151008";"20";"2";"1";"4075";"3562"
"151009";"151009";"20";"2";"1";"3370";"3044"
"151010";"151010";"20";"2";"1";"2136";"1904"
"153001";"153001";"18";"2";"1";"3921";"3225"
"153002";"153002";"18";"2";"1";"3348";"2536"
"153003";"153003";"18";"2";"1";"3035";"2411"
"153004";"153004";"18";"2";"1";"5339";"4073"
"153005";"153005";"18";"2";"1";"7919";"5592"
"155001";"155001";"12";"1";"1";"3812";"3416"
"155004";"155004";"12";"1";"1";"6556";"5797"
"157001";"157001";"13";"2";"1";"5419";"4851"
"157002";"157002";"13";"2";"1";"4411";"3940"
"157003";"157003";"13";"2";"1";"4844";"4356"
"157004";"157004";"13";"2";"1";"5126";"4184"
"157005";"157005";"13";"2";"1";"4964";"4538"
"157006";"157006";"13";"2";"1";"5622";"5185"
"157007";"157007";"13";"2";"1";"6148";"5540"
"157008";"157008";"13";"2";"1";"4389";"3994"
"157009";"157009";"13";"2";"1";"5090";"4671"
"157010";"157010";"13";"2";"1";"4618";"4108"
"159001";"159001";"15";"2";"1";"4700";"4032"
"159002";"159002";"15";"2";"1";"6245";"5169"
"159003";"159003";"15";"2";"1";"5768";"4629"
"159004";"159004";"15";"2";"1";"6198";"5091"
"159005";"159005";"15";"2";"1";"6072";"4861"
"159006";"159006";"15";"2";"1";"6000";"5349"
"159007";"159007";"15";"2";"1";"3815";"3354"
"159008";"159008";"15";"2";"1";"4173";"3476"
"159009";"159009";"15";"2";"1";"2875";"2191"
"161001";"161001";"20";"2";"1";"2326";"2048"
"161002";"161002";"20";"2";"1";"2413";"1907"
"161003";"161003";"20";"2";"1";"4162";"3264"
"161004";"161004";"20";"2";"1";"3028";"2280"
"161005";"161005";"20";"2";"1";"1420";"1301"
"161006";"161006";"20";"2";"1";"2877";"2364"
"163001";"163001";"16";"2";"1";"7213";"5539"
"163002";"163002";"16";"2";"1";"6294";"5521"
"163003";"163003";"16";"2";"1";"6454";"5066"
"165001";"165001";"19";"2";"1";"3902";"3179"
"165002";"165002";"19";"2";"1";"3298";"2769"
"165003";"165003";"19";"2";"1";"3074";"2258"
"165004";"165004";"19";"2";"1";"3428";"2447"
"165005";"165005";"19";"2";"1";"4229";"3379"
"167001";"167001";"17";"2";"1";"4047";"3434"
"167002";"167002";"17";"2";"1";"3143";"2528"
"167003";"167003";"17";"2";"1";"4255";"3382"
"167004";"167004";"17";"2";"1";"4503";"3711"
"167005";"167005";"17";"2";"1";"4868";"4212"
"167006";"167006";"17";"2";"1";"5099";"4223"
"167007";"167007";"17";"2";"1";"5641";"4619"
"167008";"167008";"17";"2";"1";"4532";"3289"
"169001";"169001";"19";"2";"1";"2001";"1346"
"169002";"169002";"19";"2";"1";"3192";"2597"
"169004";"169004";"19";"2";"1";"4145";"3535"
"169006";"169006";"19";"2";"1";"3638";"2598"
"169007";"169007";"19";"2";"1";"5089";"4103"
"169008";"169008";"19";"2";"1";"3536";"2601"
"169009";"169009";"19";"2";"1";"1836";"1576"
"169010";"169010";"19";"2";"1";"5723";"4478"
"169012";"169012";"19";"2";"1";"3963";"3423"
"169013";"169013";"19";"2";"1";"695";"631"
"173001";"173001";"14";"2";"1";"5157";"4316"
"173002";"173002";"14";"2";"1";"4312";"3559"
"173003";"173003";"14";"2";"1";"4833";"4132"
"173004";"173004";"14";"2";"1";"5003";"4488"
"173005";"173005";"14";"2";"1";"1120";"1025"
"173006";"173006";"14";"2";"1";"4789";"4467"
"173007";"173007";"14";"2";"1";"3769";"3467"
"173008";"173008";"14";"2";"1";"4079";"3542"
"173009";"173009";"14";"2";"1";"2146";"2036"
"173010";"173010";"14";"2";"1";"4541";"3809"
"175001";"175001";"16";"2";"1";"3365";"2804"
"175002";"175002";"16";"2";"1";"3992";"3224"
"175003";"175003";"16";"2";"1";"5862";"4875"
"175004";"175004";"16";"2";"1";"3808";"2905"
"175005";"175005";"16";"2";"1";"5851";"4818"
"175006";"175006";"16";"2";"1";"4302";"3467"
"175007";"175007";"16";"2";"1";"1363";"981"
"183001";"183001";"18";"2";"1";"1404";"1198"
"183002";"183002";"18";"2";"1";"2693";"2158"
"183003";"183003";"18";"2";"1";"3507";"2474"
"183004";"183004";"18";"2";"1";"2882";"1706"
"183005";"183005";"18";"2";"1";"3180";"2568"
"185001";"185001";"12";"1";"1";"4516";"3882"
"185002";"185002";"12";"1";"1";"5089";"4527"
"185003";"185003";"12";"1";"1";"4746";"3811"
"185004";"185004";"12";"1";"1";"4064";"3290"
"185005";"185005";"12";"1";"1";"3596";"3110"
"185006";"185006";"12";"1";"1";"8147";"6469"
"187001";"187001";"18";"2";"1";"3401";"2559"
"187002";"187002";"18";"2";"1";"3200";"2836"
"187003";"187003";"18";"2";"1";"3892";"3291"
"190001";"190001";"25";"3";"1";"7049";"6214"
"190002";"190002";"25";"3";"1";"2564";"2437"
"190003";"190003";"25";"3";"1";"3708";"3481"
"190004";"190004";"25";"3";"1";"1359";"1259"
"190005";"190005";"25";"3";"1";"4079";"3683"
"190006";"190006";"25";"3";"1";"6176";"5589"
"190007";"190007";"25";"3";"1";"3501";"2669"
"201001";"201001";"26";"3";"1";"2390";"2249"
"201002";"201002";"26";"3";"1";"3692";"3254"
"201003";"201003";"26";"3";"1";"4108";"3772"
"201004";"201004";"26";"3";"1";"3874";"3502"
"201005";"201005";"26";"3";"1";"4261";"4029"
"210001";"210001";"22";"3";"1";"4980";"4308"
"210002";"210002";"22";"3";"1";"3402";"3061"
"210003";"210003";"22";"3";"1";"3484";"3049"
"210004";"210004";"22";"3";"1";"3623";"3155"
"210005";"210005";"22";"3";"1";"6443";"5334"
"210007";"210007";"22";"3";"1";"3047";"2603"
"210008";"210008";"22";"3";"1";"881";"805"
"210009";"210009";"22";"3";"1";"2698";"2227"
"217001";"217001";"21";"3";"1";"7759";"6239"
"217002";"217002";"21";"3";"1";"7185";"5584"
"217003";"217003";"21";"3";"1";"5507";"4240"
"217004";"217004";"21";"3";"1";"4580";"4040"
"217005";"217005";"21";"3";"1";"4179";"3637"
"217006";"217006";"21";"3";"1";"1017";"911"
"217007";"217007";"21";"3";"1";"1329";"1133"
"217008";"217008";"21";"3";"1";"832";"712"
"217009";"217009";"21";"3";"1";"3714";"3266"
"217010";"217010";"21";"3";"1";"3593";"3249"
"217011";"217011";"21";"3";"1";"4916";"4318"
"217012";"217012";"21";"3";"1";"2278";"1877"
"219001";"219001";"23";"3";"1";"7875";"6549"
"219002";"219002";"23";"3";"1";"5184";"4481"
"219003";"219003";"23";"3";"1";"633";"594"
"219004";"219004";"23";"3";"1";"1147";"1087"
"219005";"219005";"23";"3";"1";"1802";"1614"
"219006";"219006";"23";"3";"1";"4663";"4063"
"219007";"219007";"23";"3";"1";"1563";"1393"
"219008";"219008";"23";"3";"1";"837";"781"
"219009";"219009";"23";"3";"1";"3232";"2887"
"219010";"219010";"23";"3";"1";"4977";"3988"
"219011";"219011";"23";"3";"1";"1456";"1263"
"219012";"219012";"23";"3";"1";"3048";"2684"
"219013";"219013";"23";"3";"1";"1045";"927"
"219014";"219014";"23";"3";"1";"1034";"941"
"223001";"223001";"22";"3";"1";"4700";"4169"
"223002";"223002";"22";"3";"1";"4742";"4220"
"223003";"223003";"22";"3";"1";"3396";"3151"
"223004";"223004";"22";"3";"1";"293";"277"
"223005";"223005";"22";"3";"1";"4997";"4396"
"230001";"230001";"26";"3";"1";"5012";"4461"
"230003";"230003";"26";"3";"1";"4847";"4456"
"230004";"230004";"26";"3";"1";"3781";"3289"
"230005";"230005";"26";"3";"1";"5369";"4784"
"230006";"230006";"26";"3";"1";"2460";"2278"
"230007";"230007";"26";"3";"1";"5621";"4948"
"230008";"230008";"26";"3";"1";"3978";"3604"
"230009";"230009";"26";"3";"1";"3038";"2772"
"230010";"230010";"26";"3";"1";"5854";"5394"
"240001";"240001";"25";"3";"1";"876";"769"
"240002";"240002";"25";"3";"1";"7783";"6996"
"240003";"240003";"25";"3";"1";"4695";"4029"
"240004";"240004";"25";"3";"1";"1407";"1273"
"240005";"240005";"25";"3";"1";"2597";"2402"
"240006";"240006";"25";"3";"1";"1184";"1073"
"240007";"240007";"25";"3";"1";"5176";"4533"
"240008";"240008";"25";"3";"1";"4223";"3758"
"240009";"240009";"25";"3";"1";"4016";"3434"
"250001";"250001";"24";"3";"1";"6299";"5092"
"250002";"250002";"24";"3";"1";"4478";"3852"
"250003";"250003";"24";"3";"1";"5061";"4490"
"250004";"250004";"24";"3";"1";"6534";"5446"
"250005";"250005";"24";"3";"1";"6739";"5640"
"250006";"250006";"24";"3";"1";"5958";"5099"
"253001";"253001";"35";"5";"2";"4791";"3710"
"253002";"253002";"35";"5";"2";"13454";"10797"
"253003";"253003";"35";"5";"2";"5389";"4855"
"253004";"253004";"35";"5";"2";"6605";"5818"
"253005";"253005";"35";"5";"2";"5421";"4787"
"259001";"259001";"34";"5";"2";"4640";"4050"
"259002";"259002";"34";"5";"2";"4291";"3424"
"259003";"259003";"34";"5";"2";"750";"673"
"259004";"259004";"34";"5";"2";"1582";"1374"
"259005";"259005";"34";"5";"2";"4004";"3205"
"259006";"259006";"34";"5";"2";"3111";"2659"
"259007";"259007";"34";"5";"2";"2567";"2149"
"259008";"259008";"34";"5";"2";"1031";"902"
"259009";"259009";"34";"5";"2";"4231";"3540"
"259010";"259010";"34";"5";"2";"3869";"3375"
"259011";"259011";"34";"5";"2";"2558";"2099"
"259012";"259012";"34";"5";"2";"4654";"3967"
"259013";"259013";"34";"5";"2";"2840";"2519"
"259014";"259014";"34";"5";"2";"956";"800"
"259015";"259015";"34";"5";"2";"2663";"2254"
"259016";"259016";"34";"5";"2";"1223";"1117"
"260001";"260001";"24";"3";"1";"7479";"6365"
"260002";"260002";"24";"3";"1";"3235";"2754"
"260003";"260003";"24";"3";"1";"3027";"2520"
"260004";"260004";"24";"3";"1";"7502";"5873"
"260005";"260005";"24";"3";"1";"2582";"2164"
"265001";"265001";"36";"5";"2";"4410";"3779"
"265002";"265002";"36";"5";"2";"4485";"4111"
"265003";"265003";"36";"5";"2";"6122";"5215"
"265004";"265004";"36";"5";"2";"3611";"2970"
"265005";"265005";"36";"5";"2";"6095";"4908"
"265006";"265006";"36";"5";"2";"5766";"5199"
"265007";"265007";"36";"5";"2";"3345";"3036"
"265008";"265008";"36";"5";"2";"2189";"1998"
"265009";"265009";"36";"5";"2";"852";"742"
"265010";"265010";"36";"5";"2";"5165";"3902"
"265011";"265011";"36";"5";"2";"2695";"2366"
"265013";"265013";"36";"5";"2";"5333";"4785"
"265014";"265014";"36";"5";"2";"2210";"1983"
"265015";"265015";"36";"5";"2";"2702";"2442"
"265016";"265016";"36";"5";"2";"1709";"1562"
"265017";"265017";"36";"5";"2";"4583";"4113"
"265018";"265018";"36";"5";"2";"825";"719"
"265021";"265021";"36";"5";"2";"4082";"3601"
"269001";"269001";"35";"5";"2";"3553";"3119"
"269004";"269004";"35";"5";"2";"6166";"5428"
"269005";"269005";"35";"5";"2";"7298";"6392"
"270001";"270001";"23";"3";"1";"3496";"2933"
"270002";"270002";"23";"3";"1";"2538";"2116"
"270003";"270003";"23";"3";"1";"444";"389"
"270004";"270004";"23";"3";"1";"3668";"3064"
"270005";"270005";"23";"3";"1";"1919";"1708"
"270006";"270006";"23";"3";"1";"5580";"4796"
"270007";"270007";"23";"3";"1";"1210";"1016"
"270008";"270008";"23";"3";"1";"6171";"5006"
"270009";"270009";"23";"3";"1";"804";"695"
"270010";"270010";"23";"3";"1";"2353";"2054"
"270011";"270011";"23";"3";"1";"2218";"1860"
"270012";"270012";"23";"3";"1";"1500";"1315"
"306001";"306001";"38";"5";"2";"3350";"2788"
"306002";"306002";"38";"5";"2";"2974";"2453"
"306003";"306003";"38";"5";"2";"2036";"1641"
"306004";"306004";"38";"5";"2";"2533";"2084"
"306005";"306005";"38";"5";"2";"1076";"887"
"306006";"306006";"38";"5";"2";"2651";"2211"
"306007";"306007";"38";"5";"2";"4940";"4087"
"306008";"306008";"38";"5";"2";"1321";"1180"
"306010";"306010";"38";"5";"2";"1160";"983"
"306011";"306011";"38";"5";"2";"2984";"2376"
"306012";"306012";"38";"5";"2";"576";"491"
"306013";"306013";"38";"5";"2";"822";"665"
"316001";"316001";"37";"5";"2";"7932";"6708"
"316002";"316002";"37";"5";"2";"7463";"5811"
"316003";"316003";"37";"5";"2";"5285";"4401"
"316004";"316004";"37";"5";"2";"3194";"2857"
"316005";"316005";"37";"5";"2";"3535";"3126"
"316006";"316006";"37";"5";"2";"1861";"1623"
"316007";"316007";"37";"5";"2";"3804";"3299"
"316008";"316008";"37";"5";"2";"2543";"2172"
"316009";"316009";"37";"5";"2";"3090";"2632"
"316010";"316010";"37";"5";"2";"2486";"2068"
"316011";"316011";"37";"5";"2";"3852";"3094"
"316012";"316012";"37";"5";"2";"3103";"2590"
"316013";"316013";"37";"5";"2";"2736";"2176"
"316014";"316014";"37";"5";"2";"2653";"2182"
"316015";"316015";"37";"5";"2";"815";"716"
"320001";"320001";"33";"5";"2";"5707";"4806"
"320002";"320002";"33";"5";"2";"6174";"5019"
"320003";"320003";"33";"5";"2";"3684";"2948"
"320004";"320004";"33";"5";"2";"3205";"2689"
"320005";"320005";"33";"5";"2";"3161";"2650"
"320006";"320006";"33";"5";"2";"2868";"2418"
"320007";"320007";"33";"5";"2";"2930";"2460"
"326001";"326001";"38";"5";"2";"2754";"2213"
"326002";"326002";"38";"5";"2";"278";"242"
"326003";"326003";"38";"5";"2";"3460";"2829"
"326004";"326004";"38";"5";"2";"2392";"1882"
"326005";"326005";"38";"5";"2";"1485";"1238"
"326006";"326006";"38";"5";"2";"537";"447"
"326007";"326007";"38";"5";"2";"1017";"851"
"326008";"326008";"38";"5";"2";"2374";"1887"
"326009";"326009";"38";"5";"2";"3948";"3212"
"326010";"326010";"38";"5";"2";"1412";"1193"
"326011";"326011";"38";"5";"2";"1093";"907"
"326012";"326012";"38";"5";"2";"3102";"2413"
"326013";"326013";"38";"5";"2";"2605";"1973"
"326014";"326014";"38";"5";"2";"1228";"1031"
"326015";"326015";"38";"5";"2";"2620";"2185"
"326016";"326016";"38";"5";"2";"3435";"2978"
"326017";"326017";"38";"5";"2";"622";"545"
"326018";"326018";"38";"5";"2";"3136";"2390"
"329001";"329001";"39";"5";"2";"8511";"6809"
"329002";"329002";"39";"5";"2";"608";"515"
"329003";"329003";"39";"5";"2";"592";"535"
"329004";"329004";"39";"5";"2";"4084";"3508"
"329005";"329005";"39";"5";"2";"1017";"892"
"329006";"329006";"39";"5";"2";"4474";"3536"
"329008";"329008";"39";"5";"2";"1179";"1065"
"329009";"329009";"39";"5";"2";"942";"805"
"329010";"329010";"39";"5";"2";"988";"871"
"329011";"329011";"39";"5";"2";"525";"444"
"329012";"329012";"39";"5";"2";"887";"760"
"329013";"329013";"39";"5";"2";"1002";"862"
"329014";"329014";"39";"5";"2";"633";"532"
"330001";"330001";"40";"5";"2";"2445";"1981"
"330003";"330003";"40";"5";"2";"1377";"1169"
"330004";"330004";"40";"5";"2";"1448";"1251"
"330005";"330005";"40";"5";"2";"5994";"4864"
"330006";"330006";"40";"5";"2";"5264";"3934"
"330007";"330007";"40";"5";"2";"1939";"1657"
"330008";"330008";"40";"5";"2";"2646";"2276"
"330009";"330009";"40";"5";"2";"5364";"4025"
"330010";"330010";"40";"5";"2";"1338";"1141"
"330011";"330011";"40";"5";"2";"6415";"5198"
"330012";"330012";"40";"5";"2";"164";"136"
"330013";"330013";"40";"5";"2";"1104";"931"
"330017";"330017";"40";"5";"2";"138";"114"
"330019";"330019";"40";"5";"2";"9838";"7368"
"330021";"330021";"40";"5";"2";"4984";"4196"
"330022";"330022";"40";"5";"2";"6113";"4570"
"330024";"330024";"40";"5";"2";"1012";"868"
"330025";"330025";"40";"5";"2";"2600";"2267"
"336001";"336001";"33";"5";"2";"4514";"3828"
"336002";"336002";"33";"5";"2";"5830";"5059"
"336003";"336003";"33";"5";"2";"4590";"3778"
"336004";"336004";"33";"5";"2";"3070";"2658"
"340001";"340001";"39";"5";"2";"4474";"3594"
"340002";"340002";"39";"5";"2";"1550";"1206"
"340004";"340004";"39";"5";"2";"1401";"1170"
"340005";"340005";"39";"5";"2";"4124";"3479"
"340006";"340006";"39";"5";"2";"3805";"3454"
"340008";"340008";"39";"5";"2";"3172";"2681"
"340010";"340010";"39";"5";"2";"4205";"3486"
"350001";"350001";"34";"5";"2";"3274";"2845"
"350002";"350002";"34";"5";"2";"2044";"1813"
"350003";"350003";"34";"5";"2";"1254";"1123"
"350004";"350004";"34";"5";"2";"1076";"917"
"350005";"350005";"34";"5";"2";"961";"829"
"350006";"350006";"34";"5";"2";"3583";"3180"
"350008";"350008";"34";"5";"2";"2137";"1875"
"350009";"350009";"34";"5";"2";"2182";"1950"
"350011";"350011";"34";"5";"2";"2333";"2170"
"350012";"350012";"34";"5";"2";"2274";"2022"
"360001";"360001";"29";"5";"2";"602";"504"
"360003";"360003";"29";"5";"2";"1928";"1461"
"360008";"360008";"29";"5";"2";"709";"548"
"360011";"360011";"29";"5";"2";"1761";"1386"
"360013";"360013";"29";"5";"2";"5130";"4120"
"360014";"360014";"29";"5";"2";"39";"36"
"360019";"360019";"29";"5";"2";"2388";"1899"
"360020";"360020";"29";"5";"2";"6627";"4920"
"360021";"360021";"29";"5";"2";"3658";"2882"
"360026";"360026";"29";"5";"2";"377";"307"
"360027";"360027";"29";"5";"2";"364";"314"
"360028";"360028";"29";"5";"2";"93";"79"
"360029";"360029";"29";"5";"2";"1761";"1365"
"360035";"360035";"29";"5";"2";"1973";"1579"
"360036";"360036";"29";"5";"2";"2710";"2105"
"360037";"360037";"29";"5";"2";"1248";"848"
"370001";"370001";"32";"5";"2";"3425";"2804"
"370002";"370002";"32";"5";"2";"785";"657"
"370003";"370003";"32";"5";"2";"1567";"1302"
"370004";"370004";"32";"5";"2";"2007";"1757"
"370005";"370005";"32";"5";"2";"722";"623"
"370006";"370006";"32";"5";"2";"1981";"1644"
"370007";"370007";"32";"5";"2";"1255";"1033"
"370008";"370008";"32";"5";"2";"3918";"3425"
"370009";"370009";"32";"5";"2";"1134";"1008"
"370010";"370010";"32";"5";"2";"1231";"1005"
"370011";"370011";"32";"5";"2";"2417";"2138"
"370012";"370012";"32";"5";"2";"410";"348"
"370013";"370013";"32";"5";"2";"516";"436"
"370014";"370014";"32";"5";"2";"2473";"2062"
"370020";"370020";"32";"5";"2";"3789";"3211"
"370021";"370021";"32";"5";"2";"3364";"2598"
"370022";"370022";"32";"5";"2";"4541";"3412"
"370023";"370023";"32";"5";"2";"4663";"3862"
"370024";"370024";"32";"5";"2";"5024";"4109"
"370025";"370025";"32";"5";"2";"2682";"2194"
"370026";"370026";"32";"5";"2";"2823";"2516"
"370027";"370027";"32";"5";"2";"4934";"4105"
"370028";"370028";"32";"5";"2";"3704";"2833"
"370029";"370029";"32";"5";"2";"689";"604"
"370031";"370031";"32";"5";"2";"1484";"1213"
"370032";"370032";"32";"5";"2";"2242";"2037"
"376001";"376001";"30";"5";"2";"4046";"3006"
"376002";"376002";"30";"5";"2";"3153";"2550"
"376003";"376003";"30";"5";"2";"2719";"2199"
"376004";"376004";"30";"5";"2";"3422";"2739"
"376005";"376005";"30";"5";"2";"2096";"1831"
"376006";"376006";"30";"5";"2";"1440";"1196"
"376007";"376007";"30";"5";"2";"2807";"2470"
"376008";"376008";"30";"5";"2";"2292";"1913"
"376009";"376009";"30";"5";"2";"1185";"976"
"376010";"376010";"30";"5";"2";"2542";"2033"
"376011";"376011";"30";"5";"2";"1738";"1415"
"376012";"376012";"30";"5";"2";"2045";"1692"
"376013";"376013";"30";"5";"2";"4498";"3579"
"376014";"376014";"30";"5";"2";"1248";"1019"
"376015";"376015";"30";"5";"2";"888";"705"
"376016";"376016";"30";"5";"2";"2998";"2434"
"376017";"376017";"30";"5";"2";"2324";"1927"
"376018";"376018";"30";"5";"2";"1501";"1271"
"376019";"376019";"30";"5";"2";"2902";"2539"
"376020";"376020";"30";"5";"2";"1027";"822"
"390001";"390001";"31";"5";"2";"4207";"3306"
"390002";"390002";"31";"5";"2";"3220";"2657"
"390003";"390003";"31";"5";"2";"2356";"2061"
"390004";"390004";"31";"5";"2";"2055";"1694"
"390005";"390005";"31";"5";"2";"906";"751"
"390006";"390006";"31";"5";"2";"2934";"2381"
"390007";"390007";"31";"5";"2";"1605";"1337"
"390008";"390008";"31";"5";"2";"4399";"3582"
"390009";"390009";"31";"5";"2";"1188";"986"
"390010";"390010";"31";"5";"2";"1757";"1512"
"390011";"390011";"31";"5";"2";"939";"846"
"390012";"390012";"31";"5";"2";"3428";"2861"
"390013";"390013";"31";"5";"2";"918";"773"
"390014";"390014";"31";"5";"2";"606";"511"
"390015";"390015";"31";"5";"2";"1426";"1152"
"390016";"390016";"31";"5";"2";"1730";"1476"
"390017";"390017";"31";"5";"2";"1514";"1326"
"400001";"400001";"28";"4";"1";"2579";"2140"
"400002";"400002";"28";"4";"1";"2242";"1876"
"400003";"400003";"28";"4";"1";"1588";"1402"
"400004";"400004";"28";"4";"1";"3487";"2806"
"400005";"400005";"28";"4";"1";"1325";"1137"
"400006";"400006";"28";"4";"1";"4060";"3225"
"400007";"400007";"27";"4";"1";"1966";"1609"
"400008";"400008";"27";"4";"1";"11329";"9071"
"400009";"400009";"27";"4";"1";"2182";"1843"
"410001";"410001";"45";"6";"2";"5653";"4823"
"410002";"410002";"45";"6";"2";"5341";"4664"
"410003";"410003";"45";"6";"2";"3441";"3162"
"410004";"410004";"45";"6";"2";"2444";"2129"
"410005";"410005";"45";"6";"2";"1266";"1094"
"410006";"410006";"45";"6";"2";"2954";"2480"
"410007";"410007";"45";"6";"2";"1467";"1289"
"410008";"410008";"45";"6";"2";"2315";"1915"
"410009";"410009";"45";"6";"2";"2053";"1705"
"410010";"410010";"45";"6";"2";"2048";"1749"
"410011";"410011";"45";"6";"2";"1190";"1008"
"411001";"411001";"28";"4";"1";"67";"62"
"420001";"420001";"44";"6";"2";"5371";"4298"
"420002";"420002";"44";"6";"2";"1247";"1090"
"420003";"420003";"44";"6";"2";"623";"527"
"420004";"420004";"44";"6";"2";"693";"577"
"420005";"420005";"44";"6";"2";"3176";"2685"
"420006";"420006";"44";"6";"2";"541";"450"
"420007";"420007";"44";"6";"2";"986";"834"
"420008";"420008";"44";"6";"2";"2422";"2053"
"420009";"420009";"44";"6";"2";"753";"616"
"420010";"420010";"44";"6";"2";"727";"636"
"420011";"420011";"44";"6";"2";"4496";"3850"
"420012";"420012";"44";"6";"2";"822";"727"
"420013";"420013";"44";"6";"2";"2553";"2122"
"420014";"420014";"44";"6";"2";"530";"437"
"420015";"420015";"44";"6";"2";"1336";"1185"
"420016";"420016";"44";"6";"2";"1447";"1246"
"420017";"420017";"44";"6";"2";"1822";"1601"
"420018";"420018";"44";"6";"2";"1188";"997"
"430001";"430001";"48";"6";"2";"1199";"1038"
"430002";"430002";"48";"6";"2";"1009";"782"
"430003";"430003";"48";"6";"2";"1531";"1290"
"430004";"430004";"48";"6";"2";"792";"664"
"430005";"430005";"48";"6";"2";"83";"78"
"430007";"430007";"48";"6";"2";"6387";"5372"
"430008";"430008";"48";"6";"2";"1498";"1289"
"430009";"430009";"48";"6";"2";"1493";"1214"
"430010";"430010";"48";"6";"2";"73";"64"
"430011";"430011";"48";"6";"2";"1612";"1405"
"430012";"430012";"48";"6";"2";"1328";"1123"
"430013";"430013";"48";"6";"2";"1102";"941"
"430014";"430014";"48";"6";"2";"1051";"876"
"430015";"430015";"48";"6";"2";"6272";"5245"
"430016";"430016";"48";"6";"2";"816";"684"
"430017";"430017";"48";"6";"2";"1583";"1308"
"430018";"430018";"48";"6";"2";"1781";"1410"
"430019";"430019";"48";"6";"2";"1777";"1535"
"430020";"430020";"48";"6";"2";"2870";"2513"
"430021";"430021";"48";"6";"2";"1443";"1281"
"430022";"430022";"48";"6";"2";"3533";"3139"
"440001";"440001";"46";"6";"2";"1553";"1358"
"440002";"440002";"46";"6";"2";"5360";"4687"
"440004";"440004";"46";"6";"2";"1711";"1516"
"440005";"440005";"46";"6";"2";"1630";"1399"
"440006";"440006";"46";"6";"2";"3491";"2996"
"440007";"440007";"46";"6";"2";"4438";"3596"
"450001";"450001";"46";"6";"2";"1295";"1121"
"450002";"450002";"46";"6";"2";"7337";"5907"
"450003";"450003";"46";"6";"2";"5355";"4539"
"450004";"450004";"46";"6";"2";"1758";"1520"
"450005";"450005";"46";"6";"2";"780";"664"
"450006";"450006";"46";"6";"2";"2220";"1873"
"450007";"450007";"46";"6";"2";"358";"306"
"450008";"450008";"46";"6";"2";"455";"401"
"450009";"450009";"46";"6";"2";"688";"608"
"450010";"450010";"46";"6";"2";"1456";"1187"
"450011";"450011";"46";"6";"2";"1065";"922"
"450012";"450012";"46";"6";"2";"929";"777"
"450013";"450013";"46";"6";"2";"901";"790"
"461001";"461001";"41";"6";"2";"10080";"8148"
"461002";"461002";"41";"6";"2";"8392";"6905"
"461003";"461003";"41";"6";"2";"2936";"2360"
"461004";"461004";"41";"6";"2";"7759";"6505"
"461005";"461005";"41";"6";"2";"5867";"4278"
"461006";"461006";"41";"6";"2";"2294";"1979"
"461007";"461007";"41";"6";"2";"4677";"3749"
"461009";"461009";"41";"6";"2";"2723";"2215"
"461011";"461011";"42";"6";"2";"10655";"8762"
"461012";"461012";"42";"6";"2";"8669";"6581"
"461013";"461013";"42";"6";"2";"884";"767"
"461014";"461014";"42";"6";"2";"4956";"4202"
"461016";"461016";"42";"6";"2";"3097";"2646"
"461017";"461017";"42";"6";"2";"4852";"4160"
"461018";"461018";"42";"6";"2";"4392";"3900"
"461019";"461019";"42";"6";"2";"3711";"3098"
"461020";"461020";"42";"6";"2";"3486";"3033"
"461021";"461021";"42";"6";"2";"2240";"1883"
"461023";"461023";"43";"6";"2";"10503";"8900"
"461024";"461024";"43";"6";"2";"4157";"3814"
"461025";"461025";"43";"6";"2";"7282";"5943"
"461026";"461026";"43";"6";"2";"8003";"7013"
"461028";"461028";"43";"6";"2";"4528";"4007"
"461029";"461029";"43";"6";"2";"4852";"4155"
"461030";"461030";"43";"6";"2";"6671";"5606"
"461031";"461031";"43";"6";"2";"2500";"2165"
"461032";"461032";"43";"6";"2";"703";"609"
"461033";"461033";"43";"6";"2";"3995";"3444"
"461035";"461035";"41";"6";"2";"5082";"3207"
"461036";"461036";"41";"6";"2";"3596";"2854"
"479001";"479001";"47";"6";"2";"11664";"9500"
"479002";"479002";"47";"6";"2";"2805";"2184"
"479003";"479003";"47";"6";"2";"5174";"4233"
"479004";"479004";"47";"6";"2";"849";"727"
"479005";"479005";"47";"6";"2";"3266";"2919"
"479006";"479006";"47";"6";"2";"64";"58"
"479007";"479007";"47";"6";"2";"2181";"2013"
"479008";"479008";"47";"6";"2";"829";"731"
"479009";"479009";"47";"6";"2";"2066";"1843"
"479010";"479010";"47";"6";"2";"2842";"2635"
"479011";"479011";"47";"6";"2";"2192";"1898"
"479014";"479014";"47";"6";"2";"1028";"895"
"479016";"479016";"47";"6";"2";"1698";"1494"
"479017";"479017";"47";"6";"2";"2007";"1628"
"479019";"479019";"47";"6";"2";"2139";"1862"
"479021";"479021";"47";"6";"2";"950";"816"
"479023";"479023";"47";"6";"2";"1206";"1003"
"479025";"479025";"47";"6";"2";"1101";"917"
"479027";"479027";"47";"6";"2";"1398";"1218"
"480001";"480001";"45";"6";"2";"3410";"2808"
"480002";"480002";"45";"6";"2";"676";"558"
"480003";"480003";"45";"6";"2";"1228";"1049"
"480004";"480004";"45";"6";"2";"930";"784"
"480005";"480005";"45";"6";"2";"1631";"1378"
"480006";"480006";"45";"6";"2";"3962";"3293"
"480007";"480007";"45";"6";"2";"930";"773"
"480008";"480008";"45";"6";"2";"923";"797"
"480009";"480009";"45";"6";"2";"1030";"888"
"480010";"480010";"45";"6";"2";"922";"776"
"480011";"480011";"45";"6";"2";"2146";"1963"
"480012";"480012";"45";"6";"2";"1141";"935"
"480013";"480013";"45";"6";"2";"3255";"2695"
"482001";"482001";"47";"6";"2";"743";"625"
"482002";"482002";"47";"6";"2";"1280";"1040"
"482003";"482003";"47";"6";"2";"899";"711"
"482005";"482005";"47";"6";"2";"4192";"3411"
"482006";"482006";"47";"6";"2";"160";"149"
"482007";"482007";"47";"6";"2";"1352";"1098"
"482008";"482008";"47";"6";"2";"465";"398"
"482010";"482010";"47";"6";"2";"897";"746"
"492001";"492001";"48";"6";"2";"2271";"1893"
"492002";"492002";"48";"6";"2";"1635";"1396"
"492003";"492003";"48";"6";"2";"835";"712"
"510001";"510001";"61";"7";"2";"2139";"1723"
"510002";"510002";"61";"7";"2";"621";"504"
"510003";"510003";"61";"7";"2";"225";"188"
"510004";"510004";"61";"7";"2";"295";"242"
"510005";"510005";"61";"7";"2";"2557";"2172"
"510006";"510006";"61";"7";"2";"2220";"1756"
"510007";"510007";"61";"7";"2";"3264";"2537"
"510008";"510008";"61";"7";"2";"3296";"2825"
"510009";"510009";"61";"7";"2";"1025";"849"
"510010";"510010";"61";"7";"2";"2343";"1841"
"510011";"510011";"61";"7";"2";"2053";"1688"
"510012";"510012";"61";"7";"2";"382";"327"
"510013";"510013";"61";"7";"2";"935";"761"
"510014";"510014";"61";"7";"2";"2073";"1836"
"510015";"510015";"61";"7";"2";"533";"458"
"510016";"510016";"61";"7";"2";"361";"332"
"510017";"510017";"61";"7";"2";"298";"268"
"510018";"510018";"61";"7";"2";"1228";"1066"
"510019";"510019";"61";"7";"2";"1038";"928"
"510020";"510020";"61";"7";"2";"130";"120"
"510021";"510021";"61";"7";"2";"644";"571"
"510022";"510022";"61";"7";"2";"482";"411"
"510024";"510024";"61";"7";"2";"936";"813"
"510025";"510025";"61";"7";"2";"945";"790"
"510026";"510026";"61";"7";"2";"2699";"2192"
"510028";"510028";"61";"7";"2";"2492";"1960"
"510029";"510029";"61";"7";"2";"711";"611"
"510030";"510030";"61";"7";"2";"1075";"947"
"510031";"510031";"61";"7";"2";"387";"335"
"510032";"510032";"61";"7";"2";"538";"450"
"510033";"510033";"61";"7";"2";"789";"663"
"510034";"510034";"61";"7";"2";"419";"352"
"510035";"510035";"61";"7";"2";"582";"512"
"510036";"510036";"61";"7";"2";"942";"754"
"530001";"530001";"55";"7";"2";"4769";"4113"
"530002";"530002";"55";"7";"2";"1716";"1454"
"530003";"530003";"55";"7";"2";"1584";"1341"
"530004";"530004";"55";"7";"2";"756";"651"
"530005";"530005";"55";"7";"2";"677";"585"
"530006";"530006";"55";"7";"2";"7698";"6280"
"530007";"530007";"55";"7";"2";"1452";"1235"
"540001";"540001";"49";"7";"2";"4181";"3323"
"540002";"540002";"49";"7";"2";"1954";"1526"
"540003";"540003";"49";"7";"2";"2630";"2168"
"540004";"540004";"49";"7";"2";"1792";"1496"
"540005";"540005";"49";"7";"2";"2884";"2418"
"540006";"540006";"49";"7";"2";"2498";"2208"
"540007";"540007";"49";"7";"2";"1765";"1464"
"540008";"540008";"49";"7";"2";"370";"332"
"540009";"540009";"49";"7";"2";"6207";"4969"
"540010";"540010";"49";"7";"2";"5530";"4337"
"540011";"540011";"49";"7";"2";"5760";"4579"
"540012";"540012";"49";"7";"2";"4526";"3971"
"540013";"540013";"49";"7";"2";"2384";"2061"
"540014";"540014";"49";"7";"2";"1276";"1086"
"540015";"540015";"49";"7";"2";"3429";"2877"
"540016";"540016";"49";"7";"2";"5896";"4904"
"540017";"540017";"49";"7";"2";"630";"540"
"550001";"550001";"51";"7";"2";"1311";"1085"
"550002";"550002";"51";"7";"2";"458";"398"
"550003";"550003";"51";"7";"2";"415";"347"
"550004";"550004";"51";"7";"2";"1193";"948"
"550007";"550007";"51";"7";"2";"394";"330"
"550008";"550008";"51";"7";"2";"795";"680"
"550012";"550012";"51";"7";"2";"2436";"2037"
"550014";"550014";"51";"7";"2";"943";"786"
"550015";"550015";"51";"7";"2";"546";"440"
"550016";"550016";"51";"7";"2";"612";"509"
"550017";"550017";"51";"7";"2";"1472";"1236"
"550018";"550018";"51";"7";"2";"529";"469"
"550019";"550019";"51";"7";"2";"357";"313"
"550021";"550021";"51";"7";"2";"430";"340"
"550023";"550023";"51";"7";"2";"2983";"2471"
"550024";"550024";"51";"7";"2";"710";"585"
"550025";"550025";"51";"7";"2";"5915";"4656"
"550027";"550027";"51";"7";"2";"782";"664"
"550029";"550029";"51";"7";"2";"661";"547"
"550051";"550051";"51";"7";"2";"394";"331"
"550061";"550061";"51";"7";"2";"2802";"2256"
"550071";"550071";"51";"7";"2";"421";"362"
"561002";"561002";"52";"7";"2";"10237";"7935"
"561003";"561003";"52";"7";"2";"2316";"1683"
"561004";"561004";"52";"7";"2";"3474";"2723"
"561005";"561005";"52";"7";"2";"4520";"3297"
"561006";"561006";"52";"7";"2";"4743";"3809"
"561007";"561007";"52";"7";"2";"3476";"2683"
"561008";"561008";"53";"7";"2";"1599";"1404"
"561011";"561011";"52";"7";"2";"3070";"2577"
"561012";"561012";"53";"7";"2";"2471";"2134"
"561015";"561015";"52";"7";"2";"5284";"4560"
"561016";"561016";"53";"7";"2";"5839";"5154"
"561017";"561017";"53";"7";"2";"1102";"978"
"561020";"561020";"53";"7";"2";"2686";"2334"
"561021";"561021";"52";"7";"2";"2520";"1809"
"561022";"561022";"52";"7";"2";"2431";"1982"
"561023";"561023";"52";"7";"2";"3052";"2492"
"561024";"561024";"53";"7";"2";"2912";"2522"
"561025";"561025";"53";"7";"2";"7844";"6547"
"561028";"561028";"53";"7";"2";"8627";"7279"
"561032";"561032";"53";"7";"2";"1414";"1213"
"561033";"561033";"53";"7";"2";"1998";"1687"
"561035";"561035";"53";"7";"2";"31";"28"
"561038";"561038";"53";"7";"2";"1131";"921"
"561040";"561040";"53";"7";"2";"2663";"2209"
"563001";"563001";"52";"7";"2";"2381";"2140"
"563002";"563002";"52";"7";"2";"273";"258"
"573001";"573001";"54";"7";"2";"10967";"8968"
"573004";"573004";"54";"7";"2";"817";"741"
"573005";"573005";"54";"7";"2";"600";"527"
"573006";"573006";"54";"7";"2";"614";"541"
"573007";"573007";"54";"7";"2";"1147";"1041"
"573008";"573008";"54";"7";"2";"759";"677"
"573009";"573009";"54";"7";"2";"926";"827"
"573010";"573010";"54";"7";"2";"856";"721"
"573013";"573013";"54";"7";"2";"1640";"1380"
"573014";"573014";"54";"7";"2";"566";"495"
"573015";"573015";"54";"7";"2";"1091";"941"
"573018";"573018";"54";"7";"2";"2834";"2452"
"573019";"573019";"54";"7";"2";"403";"356"
"573022";"573022";"54";"7";"2";"828";"724"
"573023";"573023";"54";"7";"2";"1159";"999"
"573024";"573024";"54";"7";"2";"466";"406"
"573026";"573026";"54";"7";"2";"1027";"913"
"573027";"573027";"54";"7";"2";"758";"632"
"573028";"573028";"54";"7";"2";"969";"834"
"573030";"573030";"54";"7";"2";"4253";"3621"
"573031";"573031";"54";"7";"2";"1442";"1233"
"573032";"573032";"54";"7";"2";"1331";"1110"
"573033";"573033";"54";"7";"2";"546";"475"
"575001";"575001";"55";"7";"2";"4012";"3320"
"575002";"575002";"55";"7";"2";"609";"529"
"575003";"575003";"55";"7";"2";"2547";"2070"
"575004";"575004";"55";"7";"2";"831";"735"
"575005";"575005";"55";"7";"2";"903";"788"
"575006";"575006";"55";"7";"2";"377";"324"
"575007";"575007";"55";"7";"2";"2556";"2088"
"575008";"575008";"55";"7";"2";"669";"577"
"575009";"575009";"55";"7";"2";"1937";"1696"
"575010";"575010";"55";"7";"2";"507";"447"
"575011";"575011";"55";"7";"2";"1221";"1016"
"575012";"575012";"55";"7";"2";"335";"292"
"575013";"575013";"55";"7";"2";"562";"479"
"575014";"575014";"55";"7";"2";"6694";"5466"
"575015";"575015";"55";"7";"2";"506";"459"
"575016";"575016";"55";"7";"2";"2479";"2231"
"575017";"575017";"55";"7";"2";"1061";"925"
"575018";"575018";"55";"7";"2";"1079";"943"
"575019";"575019";"55";"7";"2";"1465";"1231"
"580001";"580001";"50";"7";"2";"604";"497"
"580002";"580002";"50";"7";"2";"631";"534"
"580003";"580003";"50";"7";"2";"5145";"4271"
"580004";"580004";"50";"7";"2";"3321";"2881"
"580005";"580005";"50";"7";"2";"1402";"1223"
"580006";"580006";"50";"7";"2";"616";"524"
"580007";"580007";"50";"7";"2";"1492";"1212"
"580008";"580008";"50";"7";"2";"1719";"1476"
"580009";"580009";"50";"7";"2";"1592";"1336"
"580010";"580010";"50";"7";"2";"868";"734"
"580011";"580011";"50";"7";"2";"1719";"1394"
"580012";"580012";"50";"7";"2";"2364";"1837"
"580013";"580013";"50";"7";"2";"1552";"1294"
"580014";"580014";"50";"7";"2";"2755";"2254"
"580015";"580015";"50";"7";"2";"3340";"2650"
"580016";"580016";"50";"7";"2";"7301";"5852"
"580017";"580017";"50";"7";"2";"2948";"2452"
"580018";"580018";"50";"7";"2";"2218";"1803"
"607001";"607001";"58";"7";"2";"10744";"8384"
"607002";"607002";"58";"7";"2";"1128";"987"
"607003";"607003";"58";"7";"2";"7249";"6417"
"607004";"607004";"58";"7";"2";"562";"483"
"607005";"607005";"58";"7";"2";"4391";"3844"
"607006";"607006";"58";"7";"2";"7804";"5995"
"607007";"607007";"58";"7";"2";"1454";"1313"
"607008";"607008";"58";"7";"2";"5170";"3885"
"615001";"615001";"71";"8";"3";"4497";"3404"
"615002";"615002";"71";"8";"3";"4526";"3347"
"615003";"615003";"71";"8";"3";"8023";"5998"
"615004";"615004";"71";"8";"3";"151";"136"
"615005";"615005";"71";"8";"3";"4110";"3254"
"615006";"615006";"71";"8";"3";"7519";"6486"
"615007";"615007";"71";"8";"3";"4182";"3661"
"615008";"615008";"71";"8";"3";"2685";"2386"
"615009";"615009";"71";"8";"3";"3045";"2649"
"615010";"615010";"71";"8";"3";"2828";"2446"
"615011";"615011";"71";"8";"3";"4899";"4529"
"615012";"615012";"71";"8";"3";"2945";"2664"
"615013";"615013";"71";"8";"3";"3726";"3126"
"615014";"615014";"71";"8";"3";"1316";"1168"
"615015";"615015";"71";"8";"3";"833";"742"
"615016";"615016";"71";"8";"3";"2774";"2421"
"615017";"615017";"71";"8";"3";"2080";"1818"
"615018";"615018";"71";"8";"3";"2576";"2223"
"615019";"615019";"71";"8";"3";"1349";"1178"
"615020";"615020";"71";"8";"3";"519";"478"
"615021";"615021";"71";"8";"3";"1279";"820"
"615022";"615022";"71";"8";"3";"380";"330"
"621001";"621001";"59";"7";"2";"5840";"4669"
"621002";"621002";"59";"7";"2";"3471";"2414"
"621003";"621003";"59";"7";"2";"3933";"3149"
"621004";"621004";"59";"7";"2";"6535";"5860"
"621005";"621005";"59";"7";"2";"4018";"3488"
"621006";"621006";"59";"7";"2";"3723";"3294"
"621007";"621007";"59";"7";"2";"4173";"3635"
"621008";"621008";"60";"7";"2";"4696";"3450"
"621009";"621009";"60";"7";"2";"6355";"5132"
"621010";"621010";"60";"7";"2";"4686";"4108"
"621011";"621011";"60";"7";"2";"3592";"3247"
"621012";"621012";"60";"7";"2";"3420";"3020"
"621013";"621013";"60";"7";"2";"2683";"2327"
"621014";"621014";"60";"7";"2";"5432";"4537"
"621015";"621015";"60";"7";"2";"5088";"4313"
"630001";"630001";"57";"7";"2";"2454";"2009"
"630002";"630002";"57";"7";"2";"5050";"4367"
"630003";"630003";"57";"7";"2";"1628";"1449"
"630004";"630004";"57";"7";"2";"1745";"1473"
"630005";"630005";"57";"7";"2";"1438";"1293"
"630006";"630006";"57";"7";"2";"2735";"2306"
"630007";"630007";"57";"7";"2";"772";"697"
"630008";"630008";"57";"7";"2";"1458";"1297"
"630009";"630009";"57";"7";"2";"11215";"8304"
"630010";"630010";"57";"7";"2";"929";"830"
"630011";"630011";"57";"7";"2";"3846";"3434"
"630012";"630012";"57";"7";"2";"2922";"2652"
"630013";"630013";"57";"7";"2";"2200";"1735"
"630014";"630014";"57";"7";"2";"2166";"1757"
"630015";"630015";"57";"7";"2";"3754";"2918"
"630016";"630016";"56";"7";"2";"1991";"1838"
"630017";"630017";"56";"7";"2";"4423";"3796"
"630018";"630018";"56";"7";"2";"1633";"1417"
"630019";"630019";"56";"7";"2";"967";"832"
"630020";"630020";"56";"7";"2";"845";"728"
"630021";"630021";"56";"7";"2";"711";"632"
"630022";"630022";"56";"7";"2";"343";"319"
"630023";"630023";"56";"7";"2";"1176";"999"
"630024";"630024";"56";"7";"2";"3419";"3040"
"630025";"630025";"56";"7";"2";"1242";"1098"
"630026";"630026";"56";"7";"2";"1270";"1129"
"630027";"630027";"56";"7";"2";"1708";"1521"
"630028";"630028";"56";"7";"2";"1214";"1074"
"630029";"630029";"56";"7";"2";"1064";"932"
"630030";"630030";"56";"7";"2";"5021";"3997"
"630031";"630031";"56";"7";"2";"1981";"1785"
"630032";"630032";"56";"7";"2";"6467";"5786"
"630033";"630033";"56";"7";"2";"1773";"1518"
"630034";"630034";"56";"7";"2";"3230";"2851"
"657001";"657001";"80";"9";"3";"19041";"15276"
"657002";"657002";"80";"9";"3";"951";"780"
"657005";"657005";"80";"9";"3";"2439";"2098"
"657006";"657006";"80";"9";"3";"704";"593"
"657007";"657007";"80";"9";"3";"4848";"4400"
"657008";"657008";"80";"9";"3";"1641";"1383"
"657009";"657009";"80";"9";"3";"694";"598"
"657011";"657011";"80";"9";"3";"553";"496"
"657013";"657013";"81";"9";"3";"3068";"2686"
"657014";"657014";"81";"9";"3";"568";"485"
"657015";"657015";"81";"9";"3";"1362";"1110"
"657016";"657016";"81";"9";"3";"863";"754"
"657017";"657017";"81";"9";"3";"6276";"5434"
"657018";"657018";"81";"9";"3";"495";"448"
"657019";"657019";"81";"9";"3";"643";"555"
"657020";"657020";"81";"9";"3";"331";"266"
"657021";"657021";"81";"9";"3";"639";"557"
"657022";"657022";"81";"9";"3";"682";"638"
"657023";"657023";"81";"9";"3";"3992";"3573"
"657024";"657024";"81";"9";"3";"3655";"3200"
"657025";"657025";"81";"9";"3";"919";"777"
"657026";"657026";"81";"9";"3";"4698";"4114"
"657027";"657027";"81";"9";"3";"3272";"2856"
"657028";"657028";"81";"9";"3";"366";"332"
"657029";"657029";"81";"9";"3";"1203";"1086"
"657030";"657030";"81";"9";"3";"792";"689"
"661001";"661001";"82";"9";"3";"13899";"11672"
"661002";"661002";"82";"9";"3";"3943";"3672"
"661003";"661003";"82";"9";"3";"1609";"1424"
"661004";"661004";"82";"9";"3";"3727";"3371"
"661005";"661005";"82";"9";"3";"9687";"7971"
"661006";"661006";"82";"9";"3";"4124";"3484"
"661007";"661007";"82";"9";"3";"1438";"1253"
"661008";"661008";"82";"9";"3";"2409";"2075"
"661009";"661009";"82";"9";"3";"1469";"1261"
"661010";"661010";"82";"9";"3";"842";"713"
"665001";"665001";"73";"9";"3";"5164";"4424"
"665002";"665002";"73";"9";"3";"1726";"1516"
"665003";"665003";"73";"9";"3";"1628";"1474"
"665004";"665004";"73";"9";"3";"1382";"1226"
"665005";"665005";"73";"9";"3";"964";"809"
"665006";"665006";"73";"9";"3";"1039";"924"
"665007";"665007";"73";"9";"3";"1500";"1219"
"665008";"665008";"73";"9";"3";"1276";"1129"
"671001";"671001";"73";"9";"3";"6051";"4988"
"671002";"671002";"73";"9";"3";"1633";"1350"
"671003";"671003";"73";"9";"3";"1280";"1156"
"671004";"671004";"73";"9";"3";"1335";"1162"
"671005";"671005";"73";"9";"3";"1515";"1375"
"671006";"671006";"73";"9";"3";"1559";"1397"
"671007";"671007";"73";"9";"3";"2308";"1981"
"706001";"706001";"66";"8";"3";"7237";"6174"
"706002";"706002";"66";"8";"3";"3141";"2746"
"706003";"706003";"66";"8";"3";"1665";"1373"
"706004";"706004";"66";"8";"3";"2621";"2171"
"706005";"706005";"66";"8";"3";"3607";"2935"
"706006";"706006";"66";"8";"3";"6006";"5262"
"706007";"706007";"66";"8";"3";"2677";"2306"
"706008";"706008";"66";"8";"3";"6311";"5521"
"707001";"707001";"66";"8";"3";"7510";"6044"
"707002";"707002";"66";"8";"3";"120";"101"
"707003";"707003";"66";"8";"3";"1912";"1596"
"707004";"707004";"66";"8";"3";"5184";"4073"
"707005";"707005";"66";"8";"3";"3055";"2588"
"707006";"707006";"66";"8";"3";"1634";"1304"
"707007";"707007";"66";"8";"3";"2384";"1875"
"707008";"707008";"66";"8";"3";"1911";"1568"
"707009";"707009";"66";"8";"3";"3210";"2724"
"707010";"707010";"66";"8";"3";"1396";"1189"
"710001";"710001";"69";"8";"3";"4068";"3539"
"710002";"710002";"69";"8";"3";"2871";"2542"
"710003";"710003";"69";"8";"3";"1562";"1394"
"710004";"710004";"69";"8";"3";"5676";"4960"
"710005";"710005";"69";"8";"3";"1456";"1308"
"710006";"710006";"69";"8";"3";"3608";"3231"
"710007";"710007";"69";"8";"3";"3161";"2879"
"710008";"710008";"69";"8";"3";"1311";"1178"
"710009";"710009";"69";"8";"3";"2984";"2563"
"710010";"710010";"69";"8";"3";"2679";"2299"
"710011";"710011";"69";"8";"3";"1444";"1236"
"710012";"710012";"69";"8";"3";"2287";"2139"
"710013";"710013";"69";"8";"3";"883";"767"
"710014";"710014";"69";"8";"3";"897";"734"
"727001";"727001";"70";"8";"3";"10013";"8676"
"727002";"727002";"70";"8";"3";"343";"312"
"727003";"727003";"70";"8";"3";"1428";"1301"
"727004";"727004";"70";"8";"3";"1020";"917"
"727005";"727005";"70";"8";"3";"1685";"1547"
"727006";"727006";"70";"8";"3";"828";"699"
"727007";"727007";"70";"8";"3";"1001";"877"
"727008";"727008";"70";"8";"3";"965";"819"
"727009";"727009";"70";"8";"3";"122";"115"
"727010";"727010";"70";"8";"3";"64";"53"
"730001";"730001";"68";"8";"3";"2438";"2118"
"730002";"730002";"68";"8";"3";"2284";"2058"
"730004";"730004";"68";"8";"3";"639";"559"
"730005";"730005";"67";"8";"3";"1118";"897"
"730006";"730006";"67";"8";"3";"891";"716"
"730007";"730007";"67";"8";"3";"1093";"935"
"730008";"730008";"67";"8";"3";"1970";"1688"
"730009";"730009";"67";"8";"3";"1166";"1010"
"730010";"730010";"67";"8";"3";"1044";"869"
"730011";"730011";"67";"8";"3";"4228";"3577"
"730012";"730012";"67";"8";"3";"2436";"2149"
"730013";"730013";"67";"8";"3";"3188";"2917"
"730014";"730014";"67";"8";"3";"1950";"1690"
"730015";"730015";"67";"8";"3";"631";"531"
"730016";"730016";"68";"8";"3";"881";"743"
"730017";"730017";"68";"8";"3";"1009";"876"
"730021";"730021";"68";"8";"3";"1785";"1573"
"730024";"730024";"68";"8";"3";"4584";"3456"
"730025";"730025";"68";"8";"3";"2880";"2153"
"730026";"730026";"67";"8";"3";"4039";"3117"
"730027";"730027";"67";"8";"3";"3777";"2646"
"730028";"730028";"68";"8";"3";"3902";"2752"
"730029";"730029";"67";"8";"3";"5291";"4262"
"730030";"730030";"67";"8";"3";"2847";"2108"
"730031";"730031";"68";"8";"3";"6298";"5294"
"730032";"730032";"68";"8";"3";"3195";"2636"
"730033";"730033";"68";"8";"3";"1811";"1542"
"730034";"730034";"68";"8";"3";"2801";"2512"
"730036";"730036";"68";"8";"3";"3415";"3027"
"730037";"730037";"68";"8";"3";"753";"635"
"740001";"740001";"77";"9";"3";"2565";"2235"
"740002";"740002";"77";"9";"3";"2680";"2365"
"740003";"740003";"77";"9";"3";"1384";"1139"
"740004";"740004";"77";"9";"3";"1549";"1345"
"740005";"740005";"77";"9";"3";"1052";"935"
"740006";"740006";"77";"9";"3";"5427";"4686"
"740007";"740007";"77";"9";"3";"4305";"3663"
"740008";"740008";"77";"9";"3";"952";"846"
"740009";"740009";"77";"9";"3";"981";"881"
"740010";"740010";"77";"9";"3";"1156";"1025"
"740011";"740011";"77";"9";"3";"1513";"1365"
"740012";"740012";"77";"9";"3";"827";"723"
"740013";"740013";"77";"9";"3";"3328";"3096"
"740014";"740014";"77";"9";"3";"783";"664"
"740015";"740015";"77";"9";"3";"1206";"1100"
"740016";"740016";"77";"9";"3";"2096";"1809"
"740017";"740017";"77";"9";"3";"975";"847"
"740018";"740018";"77";"9";"3";"1451";"1330"
"740021";"740021";"78";"9";"3";"4162";"3735"
"740022";"740022";"78";"9";"3";"1629";"1389"
"740023";"740023";"78";"9";"3";"3788";"3501"
"740024";"740024";"78";"9";"3";"888";"820"
"740025";"740025";"78";"9";"3";"362";"289"
"740026";"740026";"78";"9";"3";"2214";"1879"
"740027";"740027";"78";"9";"3";"2841";"2552"
"740028";"740028";"78";"9";"3";"3273";"2746"
"740029";"740029";"78";"9";"3";"5178";"4134"
"740030";"740030";"78";"9";"3";"2798";"2453"
"740031";"740031";"78";"9";"3";"8048";"6695"
"740032";"740032";"78";"9";"3";"2714";"2511"
"741001";"741001";"70";"8";"3";"2605";"2255"
"741002";"741002";"70";"8";"3";"335";"299"
"746001";"746001";"70";"8";"3";"1740";"1532"
"746002";"746002";"70";"8";"3";"4705";"4255"
"746003";"746003";"70";"8";"3";"1444";"1339"
"746004";"746004";"70";"8";"3";"6375";"5747"
"746005";"746005";"70";"8";"3";"2577";"2284"
"746006";"746006";"70";"8";"3";"7650";"6450"
"746007";"746007";"70";"8";"3";"5034";"4525"
"746008";"746008";"70";"8";"3";"5854";"5384"
"746009";"746009";"70";"8";"3";"3563";"3221"
"746010";"746010";"70";"8";"3";"3509";"3239"
"746011";"746011";"70";"8";"3";"1626";"1479"
"746012";"746012";"70";"8";"3";"1756";"1606"
"751001";"751001";"62";"8";"3";"13959";"12644"
"751002";"751002";"62";"8";"3";"6269";"5346"
"751003";"751003";"62";"8";"3";"6289";"5355"
"751004";"751004";"62";"8";"3";"4192";"3662"
"751006";"751006";"62";"8";"3";"7252";"6321"
"751007";"751007";"63";"8";"3";"5184";"4489"
"751008";"751008";"63";"8";"3";"9017";"7125"
"751009";"751009";"62";"8";"3";"3434";"3081"
"751010";"751010";"65";"8";"3";"7698";"6885"
"751011";"751011";"62";"8";"3";"4342";"3932"
"751012";"751012";"62";"8";"3";"4076";"3756"
"751013";"751013";"62";"8";"3";"4051";"3591"
"751014";"751014";"65";"8";"3";"4165";"3779"
"751016";"751016";"63";"8";"3";"555";"496"
"751018";"751018";"63";"8";"3";"5191";"4454"
"751019";"751019";"63";"8";"3";"3651";"3277"
"751020";"751020";"65";"8";"3";"6515";"5910"
"751021";"751021";"65";"8";"3";"11312";"9401"
"751022";"751022";"64";"8";"3";"3148";"2823"
"751023";"751023";"64";"8";"3";"6203";"4982"
"751024";"751024";"63";"8";"3";"6216";"5461"
"751025";"751025";"63";"8";"3";"5127";"3219"
"751026";"751026";"63";"8";"3";"4079";"3292"
"751027";"751027";"64";"8";"3";"6537";"5864"
"751028";"751028";"63";"8";"3";"7254";"5175"
"751030";"751030";"63";"8";"3";"3468";"3028"
"751031";"751031";"63";"8";"3";"507";"471"
"751033";"751033";"63";"8";"3";"2793";"2298"
"751041";"751041";"65";"8";"3";"6899";"6246"
"751042";"751042";"64";"8";"3";"10618";"9354"
"751043";"751043";"64";"8";"3";"6360";"5337"
"751044";"751044";"64";"8";"3";"1356";"1149"
"751045";"751045";"65";"8";"3";"8506";"7970"
"751047";"751047";"64";"8";"3";"8502";"7564"
"751048";"751048";"65";"8";"3";"2713";"2499"
"751049";"751049";"65";"8";"3";"3865";"3460"
"751050";"751050";"65";"8";"3";"4580";"4114"
"751051";"751051";"65";"8";"3";"6548";"5838"
"751053";"751053";"64";"8";"3";"2417";"1954"
"751055";"751055";"64";"8";"3";"749";"658"
"751056";"751056";"64";"8";"3";"1489";"1317"
"751061";"751061";"65";"8";"3";"11177";"9255"
"751062";"751062";"63";"8";"3";"2498";"1634"
"751063";"751063";"64";"8";"3";"8306";"6395"
"751064";"751064";"63";"8";"3";"6689";"5717"
"751065";"751065";"65";"8";"3";"7066";"6202"
"751066";"751066";"62";"8";"3";"4576";"4099"
"751067";"751067";"64";"8";"3";"5182";"4499"
"751068";"751068";"64";"8";"3";"2451";"2017"
"756001";"756001";"79";"9";"3";"1803";"1531"
"756002";"756002";"79";"9";"3";"766";"642"
"756003";"756003";"79";"9";"3";"1793";"1498"
"756004";"756004";"79";"9";"3";"747";"615"
"756005";"756005";"79";"9";"3";"5992";"4981"
"756006";"756006";"79";"9";"3";"633";"544"
"756007";"756007";"79";"9";"3";"12007";"10035"
"756008";"756008";"79";"9";"3";"746";"661"
"756009";"756009";"79";"9";"3";"2654";"2262"
"756010";"756010";"79";"9";"3";"2223";"1945"
"760001";"760001";"83";"9";"3";"3691";"3047"
"760002";"760002";"83";"9";"3";"976";"877"
"760003";"760003";"83";"9";"3";"377";"314"
"760005";"760005";"83";"9";"3";"645";"530"
"760008";"760008";"83";"9";"3";"592";"496"
"760009";"760009";"83";"9";"3";"982";"784"
"760010";"760010";"83";"9";"3";"2291";"1945"
"760012";"760012";"83";"9";"3";"1009";"917"
"760013";"760013";"83";"9";"3";"584";"531"
"760014";"760014";"83";"9";"3";"7100";"6099"
"760016";"760016";"83";"9";"3";"1013";"894"
"760019";"760019";"83";"9";"3";"545";"481"
"760020";"760020";"83";"9";"3";"519";"472"
"760021";"760021";"83";"9";"3";"962";"827"
"760022";"760022";"83";"9";"3";"1085";"944"
"760024";"760024";"83";"9";"3";"6077";"5080"
"760025";"760025";"83";"9";"3";"894";"777"
"760026";"760026";"83";"9";"3";"558";"498"
"760027";"760027";"83";"9";"3";"1105";"963"
"760028";"760028";"83";"9";"3";"856";"756"
"760030";"760030";"83";"9";"3";"3666";"3186"
"760031";"760031";"83";"9";"3";"418";"363"
"760032";"760032";"83";"9";"3";"511";"387"
"760033";"760033";"83";"9";"3";"1732";"1533"
"760035";"760035";"83";"9";"3";"2124";"1865"
"766001";"766001";"72";"8";"3";"6826";"5898"
"766002";"766002";"72";"8";"3";"2962";"2492"
"766003";"766003";"72";"8";"3";"1465";"1293"
"766004";"766004";"72";"8";"3";"1178";"1052"
"766005";"766005";"72";"8";"3";"467";"415"
"766006";"766006";"72";"8";"3";"939";"847"
"766007";"766007";"72";"8";"3";"3446";"3004"
"766008";"766008";"72";"8";"3";"599";"529"
"766010";"766010";"72";"8";"3";"1251";"1062"
"766011";"766011";"72";"8";"3";"1057";"908"
"766012";"766012";"72";"8";"3";"1443";"1171"
"766013";"766013";"72";"8";"3";"1313";"1139"
"766014";"766014";"72";"8";"3";"1109";"931"
"766015";"766015";"72";"8";"3";"1761";"1558"
"766016";"766016";"72";"8";"3";"86";"82"
"766017";"766017";"72";"8";"3";"1105";"972"
"766018";"766018";"72";"8";"3";"369";"317"
"766019";"766019";"72";"8";"3";"553";"483"
"766020";"766020";"72";"8";"3";"1411";"1246"
"766021";"766021";"72";"8";"3";"2386";"2002"
"766022";"766022";"72";"8";"3";"1145";"959"
"766023";"766023";"72";"8";"3";"616";"534"
"766024";"766024";"72";"8";"3";"707";"597"
"766025";"766025";"72";"8";"3";"349";"284"
"773001";"773001";"87";"10";"3";"1042";"911"
"773002";"773002";"87";"10";"3";"3284";"2839"
"773003";"773003";"87";"10";"3";"1908";"1623"
"773004";"773004";"87";"10";"3";"1457";"1238"
"773005";"773005";"87";"10";"3";"7655";"6225"
"779001";"779001";"74";"9";"3";"5985";"4645"
"779002";"779002";"74";"9";"3";"4982";"4343"
"779003";"779003";"74";"9";"3";"5168";"4234"
"779004";"779004";"74";"9";"3";"2997";"2660"
"779005";"779005";"74";"9";"3";"1060";"934"
"779006";"779006";"74";"9";"3";"605";"534"
"779007";"779007";"74";"9";"3";"687";"609"
"779008";"779008";"74";"9";"3";"511";"446"
"779009";"779009";"74";"9";"3";"628";"541"
"779010";"779010";"74";"9";"3";"1044";"910"
"779011";"779011";"74";"9";"3";"1491";"1246"
"779012";"779012";"74";"9";"3";"1018";"836"
"779013";"779013";"74";"9";"3";"1675";"1421"
"779014";"779014";"74";"9";"3";"1223";"1005"
"779015";"779015";"74";"9";"3";"1293";"1062"
"779016";"779016";"74";"9";"3";"1325";"1180"
"779017";"779017";"74";"9";"3";"540";"463"
"779018";"779018";"74";"9";"3";"974";"822"
"779019";"779019";"74";"9";"3";"673";"558"
"779020";"779020";"74";"9";"3";"633";"559"
"787001";"787001";"87";"10";"3";"10875";"9036"
"787002";"787002";"87";"10";"3";"2627";"2257"
"787003";"787003";"87";"10";"3";"3216";"2742"
"787004";"787004";"87";"10";"3";"1943";"1578"
"787005";"787005";"87";"10";"3";"2194";"1872"
"787006";"787006";"87";"10";"3";"861";"715"
"787007";"787007";"87";"10";"3";"1421";"1227"
"787008";"787008";"87";"10";"3";"1383";"1150"
"787009";"787009";"87";"10";"3";"1330";"1132"
"787010";"787010";"87";"10";"3";"1033";"885"
"787011";"787011";"87";"10";"3";"722";"647"
"787012";"787012";"87";"10";"3";"1723";"1436"
"787013";"787013";"87";"10";"3";"935";"787"
"787014";"787014";"87";"10";"3";"964";"879"
"787015";"787015";"87";"10";"3";"868";"782"
"791001";"791001";"75";"9";"3";"2345";"1981"
"791002";"791002";"75";"9";"3";"2579";"2326"
"791003";"791003";"75";"9";"3";"2542";"2104"
"791004";"791004";"75";"9";"3";"2678";"2416"
"791005";"791005";"75";"9";"3";"1673";"1432"
"791006";"791006";"75";"9";"3";"2521";"2183"
"791007";"791007";"75";"9";"3";"1634";"1425"
"791008";"791008";"75";"9";"3";"22152";"17986"
"791009";"791009";"76";"9";"3";"5356";"4578"
"791010";"791010";"76";"9";"3";"2134";"1809"
"791011";"791011";"76";"9";"3";"1769";"1522"
"791012";"791012";"76";"9";"3";"3394";"2865"
"791013";"791013";"76";"9";"3";"10175";"8951"
"791014";"791014";"76";"9";"3";"2676";"2327"
"791015";"791015";"76";"9";"3";"2355";"2062"
"791016";"791016";"76";"9";"3";"2717";"2331"
"791017";"791017";"76";"9";"3";"2313";"2007"
"810001";"810001";"86";"10";"3";"618";"502"
"810002";"810002";"86";"10";"3";"1372";"1135"
"810003";"810003";"86";"10";"3";"3918";"3280"
"810004";"810004";"86";"10";"3";"949";"811"
"810005";"810005";"86";"10";"3";"3589";"3211"
"810006";"810006";"86";"10";"3";"1392";"1206"
"810010";"810010";"86";"10";"3";"9659";"8070"
"810034";"810034";"86";"10";"3";"498";"438"
"810040";"810040";"86";"10";"3";"905";"791"
"810050";"810050";"86";"10";"3";"1184";"1035"
"810056";"810056";"86";"10";"3";"479";"421"
"810070";"810070";"86";"10";"3";"1786";"1478"
"810080";"810080";"86";"10";"3";"639";"555"
"813001";"813001";"84";"10";"3";"5809";"4759"
"813002";"813002";"84";"10";"3";"1540";"1326"
"813003";"813003";"84";"10";"3";"710";"607"
"813004";"813004";"84";"10";"3";"1257";"1087"
"813005";"813005";"84";"10";"3";"1908";"1623"
"813006";"813006";"84";"10";"3";"17602";"13979"
"813007";"813007";"84";"10";"3";"1357";"1162"
"813008";"813008";"84";"10";"3";"1567";"1347"
"813009";"813009";"84";"10";"3";"7632";"6553"
"813010";"813010";"84";"10";"3";"803";"667"
"813011";"813011";"84";"10";"3";"610";"525"
"813012";"813012";"84";"10";"3";"544";"441"
"813013";"813013";"84";"10";"3";"1474";"1260"
"813014";"813014";"84";"10";"3";"522";"420"
"813015";"813015";"84";"10";"3";"1710";"1439"
"820001";"820001";"88";"10";"3";"2890";"2320"
"820002";"820002";"88";"10";"3";"3529";"2891"
"820003";"820003";"88";"10";"3";"597";"498"
"820004";"820004";"88";"10";"3";"7080";"5974"
"820005";"820005";"88";"10";"3";"1265";"1042"
"820006";"820006";"88";"10";"3";"810";"679"
"820007";"820007";"88";"10";"3";"1357";"1117"
"820008";"820008";"88";"10";"3";"1279";"1041"
"820009";"820009";"88";"10";"3";"746";"634"
"820010";"820010";"88";"10";"3";"3804";"3101"
"820011";"820011";"88";"10";"3";"1250";"1025"
"820012";"820012";"88";"10";"3";"939";"771"
"820013";"820013";"88";"10";"3";"708";"587"
"820014";"820014";"88";"10";"3";"604";"518"
"825015";"825015";"84";"10";"3";"1474";"1255"
"840001";"840001";"88";"10";"3";"7219";"6478"
"840002";"840002";"88";"10";"3";"3195";"2947"
"840003";"840003";"88";"10";"3";"1791";"1537"
"840004";"840004";"88";"10";"3";"2014";"1759"
"840005";"840005";"88";"10";"3";"2114";"1745"
"840006";"840006";"88";"10";"3";"968";"804"
"840007";"840007";"88";"10";"3";"1485";"1334"
"840008";"840008";"88";"10";"3";"1192";"1036"
"840009";"840009";"88";"10";"3";"674";"583"
"840010";"840010";"88";"10";"3";"1114";"972"
"840011";"840011";"88";"10";"3";"499";"445"
"846002";"846002";"89";"10";"3";"1726";"1447"
"846003";"846003";"89";"10";"3";"3178";"2667"
"846004";"846004";"89";"10";"3";"2865";"2446"
"846008";"846008";"89";"10";"3";"1641";"1420"
"846009";"846009";"89";"10";"3";"1700";"1398"
"846011";"846011";"89";"10";"3";"5166";"4322"
"846014";"846014";"89";"10";"3";"842";"664"
"846018";"846018";"89";"10";"3";"2012";"1698"
"846020";"846020";"89";"10";"3";"2719";"2407"
"846022";"846022";"89";"10";"3";"1584";"1342"
"846027";"846027";"89";"10";"3";"8225";"6675"
"849001";"849001";"86";"10";"3";"4933";"4330"
"849002";"849002";"86";"10";"3";"1438";"1295"
"849003";"849003";"86";"10";"3";"1263";"1142"
"849004";"849004";"86";"10";"3";"933";"797"
"849005";"849005";"86";"10";"3";"928";"835"
"849006";"849006";"86";"10";"3";"518";"440"
"849007";"849007";"86";"10";"3";"412";"359"
"849008";"849008";"86";"10";"3";"2172";"1713"
"849009";"849009";"86";"10";"3";"1034";"881"
"849010";"849010";"86";"10";"3";"462";"406"
"849011";"849011";"86";"10";"3";"898";"760"
"849012";"849012";"86";"10";"3";"1162";"984"
"849013";"849013";"86";"10";"3";"3301";"2684"
"849014";"849014";"86";"10";"3";"993";"743"
"849015";"849015";"86";"10";"3";"736";"626"
"849016";"849016";"86";"10";"3";"842";"697"
"849018";"849018";"86";"10";"3";"2463";"2076"
"849019";"849019";"86";"10";"3";"2086";"1648"
"849020";"849020";"86";"10";"3";"1487";"1360"
"849021";"849021";"86";"10";"3";"997";"867"
"851003";"851003";"92";"10";"3";"5903";"4747"
"851004";"851004";"92";"10";"3";"4448";"3602"
"851005";"851005";"92";"10";"3";"8110";"6232"
"851007";"851007";"92";"10";"3";"2328";"2061"
"851010";"851010";"92";"10";"3";"5171";"4465"
"851011";"851011";"92";"10";"3";"5654";"4801"
"851012";"851012";"92";"10";"3";"4261";"3538"
"851014";"851014";"91";"10";"3";"3758";"2948"
"851015";"851015";"91";"10";"3";"6799";"5495"
"851016";"851016";"92";"10";"3";"7830";"6320"
"851017";"851017";"91";"10";"3";"6155";"5192"
"851018";"851018";"91";"10";"3";"4726";"3874"
"851019";"851019";"91";"10";"3";"6198";"5648"
"851020";"851020";"91";"10";"3";"4180";"3663"
"851022";"851022";"91";"10";"3";"4201";"3769"
"851024";"851024";"91";"10";"3";"5718";"4925"
"851027";"851027";"90";"10";"3";"6343";"5090"
"851028";"851028";"90";"10";"3";"6519";"5322"
"851029";"851029";"90";"10";"3";"7031";"5721"
"851030";"851030";"90";"10";"3";"4476";"3673"
"851031";"851031";"90";"10";"3";"5761";"4855"
"851032";"851032";"90";"10";"3";"3094";"2555"
"851033";"851033";"90";"10";"3";"3694";"3340"
"851034";"851034";"90";"10";"3";"5065";"4582"
"851035";"851035";"90";"10";"3";"4437";"3984"
"851036";"851036";"90";"10";"3";"4477";"3478"
"851038";"851038";"91";"10";"3";"2319";"2045"
"851040";"851040";"90";"10";"3";"6211";"4680"
"851043";"851043";"92";"10";"3";"4292";"3687"
"851044";"851044";"92";"10";"3";"3928";"3350"
"851046";"851046";"92";"10";"3";"1053";"847"
"851047";"851047";"91";"10";"3";"5199";"4591"
"851052";"851052";"91";"10";"3";"1538";"1330"
"851056";"851056";"90";"10";"3";"1514";"1226"
"851058";"851058";"90";"10";"3";"1995";"1691"
"851061";"851061";"90";"10";"3";"3894";"3332"
"860001";"860001";"85";"10";"3";"1302";"1139"
"860003";"860003";"85";"10";"3";"4127";"3217"
"860004";"860004";"85";"10";"3";"5418";"4068"
"860006";"860006";"85";"10";"3";"1360";"1201"
"860007";"860007";"85";"10";"3";"1214";"1012"
"860008";"860008";"85";"10";"3";"1251";"1062"
"860011";"860011";"85";"10";"3";"2495";"2098"
"860012";"860012";"85";"10";"3";"1315";"1111"
"860013";"860013";"85";"10";"3";"1259";"1131"
"860014";"860014";"85";"10";"3";"1254";"1114"
"860015";"860015";"85";"10";"3";"4942";"4325"
"860016";"860016";"85";"10";"3";"5029";"4241"
"860018";"860018";"85";"10";"3";"4778";"4054"
"860019";"860019";"85";"10";"3";"3157";"2644"
"860020";"860020";"85";"10";"3";"814";"707"
"860021";"860021";"85";"10";"3";"2331";"1974"
"860022";"860022";"85";"10";"3";"2753";"2278"
"860023";"860023";"85";"10";"3";"821";"725"
"860026";"860026";"85";"10";"3";"933";"771"
"860027";"860027";"85";"10";"3";"810";"705"
"860028";"860028";"85";"10";"3";"1126";"914"